Workbook

Sheet DGA
A1: S. No. | B1: DGA Analysis (IS 10593,9434) test value in ppm (Parts-per-million) | Q1: Rogers Ratio Method | W1: IEC Ratio Method | AC1: Dornenburg Ratio Method
B2: SR. NO. | C2: Rating | D2: Ratio(KV) | E2: Make | F2: Year of Manufacture | G2: TGC Total Gas Content | H2: H2 Hydrogen | I2: O2 Oxygen | J2: N2 Nitrogen | K2: CO Carbomonoxide | L2: CO2 Carbondioxide | M2: CH4 Methane | N2: C2H6 Ethane | O2: C2H4 Ethylene | P2: C2H2 Acetyline | Q2: C2H2/C2H4 | R2: CH4/H2 | S2: C2H4/C2H6 | T2: FAULT TYPE | W2: C2H2/C2H4 | X2: CH4/H2 | Y2: C2H4/C2H6 | Z2: FAULT TYPE | AC2: CH4/H2 | AD2: C2H2/C2H4 | AE2: C2H2/CH4 | AF2: C2H6/C2H2 | AG2: FAULT TYPE
A3: 1 | B3: HT-1869/13207 | C3: 50 MVA | D3: 66/0.433 KV | E3: EMCO | F3: 2010 | G3: 8.4 | H3: 1.176 | I3: 15746.136 | J3: 65474.976 | K3: 153.636 | L3: 1468.488 | M3: 1.008 | N3: 2 | O3: 1 | P3: 3 | Q3: =IFERROR(P3/O3," ") -> 3 | R3: =M3/H3 -> 0.8571428571 | S3: 0.5 | T3: Arching | U3: Arching,Low temprature thermal fault | V3: Arching,Thermal Fault > 700 c | W3: =P3/O3 -> 3 | X3: =M3/H3 -> 0.8571428571 | Y3: 0.5 | Z3: Thermal Faults>700c | AA3: High Energy Discharge | AB3: thermal fault <300 | AC3: =M3/H3 -> 0.8571428571 | AD3: 3 | AE3: =P3/M3 -> 2.976190476 | AF3: 0.6 | AG3: Arching | AH3: Arching | AI3: Arching | AJ3: =IF(AF3>0.4,"Thermal Decomposition,corona ",IF(AF3<0.4,"Arching")) -> Thermal Decomposition,corona
A4: 2 | B4: HT-1869/13207 | C4: 50 MVA | D4: 66/0.433 KV | E4: EMCO | F4: 2010 | G4: 8.6 | H4: 954.17 | I4: 15964.868 | J4: 65313.904 | K4: 44.806 | L4: 568.546 | M4: 118.594 | N4: 27.09 | O4: 816.57 | P4: 1077.15 | Q4: =IFERROR(P4/O4," ") -> 1.319115324 | R4: =M4/H4 -> 0.1242902208 | S4: =IFERROR(O4/N4," ") -> 30.14285714 | T4: Arching | U4: Arching,Low temprature thermal fault | V4: =IF(S4<1,"Partial discharge, Normal ",IF(S4>3,"Arching,Thermal Fault > 700 c")) -> Arching,Thermal Fault > 700 c | W4: =P4/O4 -> 1.319115324 | X4: =M4/H4 -> 0.1242902208 | Y4: =IFERROR(O4/N4," ") -> 30.14285714 | Z4: High Energy Discharge | AA4: High Energy Discharge | AB4: Thermal Fault >700 c | AC4: =M4/H4 -> 0.1242902208 | AD4: =IFERROR(P4/O4," ") -> 1.319115324 | AE4: =P4/M4 -> 9.0826686 | AF4: =IFERROR(N4/P4," ") -> 0.0251497006 | AG4: Arching | AH4: =IF(AD4<0.75,"Thermal Decomposition, ",IF(AD4>0.75,"Arching")) -> Arching | AI4: =IF(AE4<0.3,"Thermal Decomposition,corona ",IF(AE4>0.3,"Arching")) -> Arching | AJ4: =IF(AF4>0.4,"Thermal Decomposition,corona ",IF(AF4<0.4,"Arching")) -> Arching
A5: 3 | B5: HT-1869/13207 | C5: 50 MVA | D5: 66/0.433 KV | E5: EMCO | F5: 2010 | G5: 8.4 | H5: 2.94 | I5: 15616.86 | J5: 65702.784 | K5: 161.364 | L5: 1648.248 | M5: 7 | N5: 9 | O5: 11 | P5: 9 | Q5: =IFERROR(P5/O5," ") -> 0.8181818182 | R5: =M5/H5 -> 2.380952381 | S5: =IFERROR(O5/N5," ") -> 1.222222222 | T5: Arching | U5: Arching | V5: Low Temprature thermal Fault,Thermal Fault<700c | W5: =P5/O5 -> 0.8181818182 | X5: =M5/H5 -> 2.380952381 | Y5: =IFERROR(O5/N5," ") -> 1.222222222 | Z5: High Energy Discharge | AA5: =IF(X5<0.1,"Partial Discharges, ",IF(X5>1,"Thermal Fault >300c and<700 and >700 c")) -> Thermal Fault >300c and<700 and >700 c | AB5: =IF(Y5<0.2,"Partial Discharges, ",IF(Y5>1,"Thermal Fault >700 c")) -> Thermal Fault >700 c | AC5: =M5/H5 -> 2.380952381 | AD5: =IFERROR(P5/O5," ") -> 0.8181818182 | AE5: =P5/M5 -> 1.285714286 | AF5: =IFERROR(N5/P5," ") -> 1 | AG5: Thermal Decomposition | AH5: =IF(AD5<0.75,"Thermal Decomposition, ",IF(AD5>0.75,"Arching")) -> Arching | AI5: =IF(AE5<0.3,"Thermal Decomposition,corona ",IF(AE5>0.3,"Arching")) -> Arching | AJ5: =IF(AF5>0.4,"Thermal Decomposition,corona ",IF(AF5<0.4,"Arching")) -> Thermal Decomposition,corona
A6: 4 | B6: B-22806(DIT-000055) | C6: 10 MVA | D6: 33/11 KV | E6: THE GENERAL ELECTRICAL | F6: 1982 | G6: 8.2 | H6: 9.348 | I6: 15345.89 | J6: 63123.928 | K6: 196.226 | L6: 2272.466 | M6: 6 | N6: 2.46 | O6: 38.048 | P6: 23 | Q6: =IFERROR(P6/O6," ") -> 0.6044995795 | R6: =M6/H6 -> 0.6418485237 | S6: =IFERROR(O6/N6," ") -> 15.46666667 | T6: Arching | U6: Arching,Low temprature thermal fault | V6: =IF(S6<1,"Partial discharge, Normal ",IF(S6>3,"Arching,Thermal Fault > 700 c")) -> Arching,Thermal Fault > 700 c | W6: =P6/O6 -> 0.6044995795 | X6: =M6/H6 -> 0.6418485237 | Y6: =IFERROR(O6/N6," ") -> 15.46666667 | Z6: High Energy Discharge | AA6: High Energy Discharge | AB6: =IF(Y6<0.2,"Partial Discharges, ",IF(Y6>1,"Thermal Fault >700 c")) -> Thermal Fault >700 c | AC6: =M6/H6 -> 0.6418485237 | AD6: =IFERROR(P6/O6," ") -> 0.6044995795 | AE6: =P6/M6 -> 3.833333333 | AF6: =IFERROR(N6/P6," ") -> 0.1069565217 | AG6: Arching | AH6: =IF(AD6<0.75,"Thermal Decomposition, ",IF(AD6>0.75,"Arching")) -> Thermal Decomposition, | AI6: Arching | AJ6: =IF(AF6>0.4,"Thermal Decomposition,corona ",IF(AF6<0.4,"Arching")) -> Arching
A7: 5 | B7: 1000060003(DIT-000026) | C7: 10 MVA | D7: 33/11 KV | E7: PME | F7: 2005 | G7: 7.8 | H7: 4.758 | I7: 14397.006 | J7: 60962.226 | K7: 179.712 | L7: 1573.494 | M7: 2.184 | N7: 6.162 | O7: 8.658 | P7: 12 | Q7: =IFERROR(P7/O7," ") -> 1.386001386 | R7: =M7/H7 -> 0.4590163934 | S7: =IFERROR(O7/N7," ") -> 1.405063291 | T7: Arching | U7: Arching,Low temprature thermal fault | V7: Low Temprature thermal Fault,Thermal Fault<700c | W7: =P7/O7 -> 1.386001386 | X7: =M7/H7 -> 0.4590163934 | Y7: =IFERROR(O7/N7," ") -> 1.405063291 | Z7: =IF(W7>1,"Discharge of Low Energy, ",IF(W7<0.1,"Thermal Fault> 300c and<700 c")) -> Discharge of Low Energy, | AA7: High Energy Discharge | AB7: =IF(Y7<0.2,"Partial Discharges, ",IF(Y7>1,"Thermal Fault >700 c")) -> Thermal Fault >700 c | AC7: =M7/H7 -> 0.4590163934 | AD7: =IFERROR(P7/O7," ") -> 1.386001386 | AE7: =P7/M7 -> 5.494505495 | AF7: =IFERROR(N7/P7," ") -> 0.5135 | AG7: Arching | AH7: =IF(AD7<0.75,"Thermal Decomposition, ",IF(AD7>0.75,"Arching")) -> Arching | AI7: =IF(AE7<0.3,"Thermal Decomposition,corona ",IF(AE7>0.3,"Arching")) -> Arching | AJ7: =IF(AF7>0.4,"Thermal Decomposition,corona ",IF(AF7<0.4,"Arching")) -> Thermal Decomposition,corona
A8: 6 | B8: 172580(DIT-000090) | C8: 10 MVA | D8: 33/11 KV | E8: RAJASTAN | F8: 2006 | G8: 8.2 | H8: 5.904 | I8: 15182.956 | J8: 63176.162 | K8: 223.532 | L8: 2445.486 | M8: 13.038 | N8: 57.236 | O8: 18.204 | P8: 34 | Q8: =IFERROR(P8/O8," ") -> 1.86772138 | R8: =M8/H8 -> 2.208333333 | S8: =IFERROR(O8/N8," ") -> 0.3180515759 | T8: Arching | U8: =IF(R8>1,"Thermal Fault <700c, thermal fault >700c ") -> Thermal Fault <700c, thermal fault >700c | V8: =IF(S8<1,"Partial discharge, Normal ",IF(S8>3,"Arching,Thermal Fault > 700 c")) -> Partial discharge, Normal | W8: =P8/O8 -> 1.86772138 | X8: =M8/H8 -> 2.208333333 | Y8: =IFERROR(O8/N8," ") -> 0.3180515759 | Z8: =IF(W8>1,"Discharge of Low Energy, ",IF(W8<0.1,"Thermal Fault> 300c and<700 c")) -> Discharge of Low Energy, | AA8: High Energy Discharge | AB8: thermal fault <300 | AC8: =M8/H8 -> 2.208333333 | AD8: =IFERROR(P8/O8," ") -> 1.86772138 | AE8: =P8/M8 -> 2.607761927 | AF8: =IFERROR(N8/P8," ") -> 1.683411765 | AG8: Thermal Decomposition | AH8: =IF(AD8<0.75,"Thermal Decomposition, ",IF(AD8>0.75,"Arching")) -> Arching | AI8: =IF(AE8<0.3,"Thermal Decomposition,corona ",IF(AE8>0.3,"Arching")) -> Arching | AJ8: =IF(AF8>0.4,"Thermal Decomposition,corona ",IF(AF8<0.4,"Arching")) -> Thermal Decomposition,corona
A9: 7 | B9: 10000000021 T-2204 | C9: 10 MVA | D9: 33/11 KV | E9: PME | F9: 2003 | G9: 8.4 | H9: 7.476 | I9: 15497.244 | J9: 65034.312 | K9: 195.048 | L9: 2150.904 | M9: 13.02 | N9: 111.3 | O9: 27.3 | P9: 43 | Q9: =IFERROR(P9/O9," ") -> 1.575091575 | R9: =M9/H9 -> 1.741573034 | S9: =IFERROR(O9/N9," ") -> 0.2452830189 | T9: Arching | U9: =IF(R9>1,"Thermal Fault <700c, thermal fault >700c ") -> Thermal Fault <700c, thermal fault >700c | V9: =IF(S9<1,"Partial discharge, Normal ",IF(S9>3,"Arching,Thermal Fault > 700 c")) -> Partial discharge, Normal | W9: =P9/O9 -> 1.575091575 | X9: =M9/H9 -> 1.741573034 | Y9: =IFERROR(O9/N9," ") -> 0.2452830189 | Z9: =IF(W9>1,"Discharge of Low Energy, ",IF(W9<0.1,"Thermal Fault> 300c and<700 c")) -> Discharge of Low Energy, | AA9: thermal fault<300 | AB9: thermal fault <300 | AC9: =M9/H9 -> 1.741573034 | AD9: =IFERROR(P9/O9," ") -> 1.575091575 | AE9: =P9/M9 -> 3.302611367 | AF9: =IFERROR(N9/P9," ") -> 2.588372093 | AG9: =IF(AC9>1,"Thermal Decomposition, ",IF(AC9<0.1,"Corona,Arching")) -> Thermal Decomposition, | AH9: =IF(AD9<0.75,"Thermal Decomposition, ",IF(AD9>0.75,"Arching")) -> Arching | AI9: =IF(AE9<0.3,"Thermal Decomposition,corona ",IF(AE9>0.3,"Arching")) -> Arching | AJ9: =IF(AF9>0.4,"Thermal Decomposition,corona ",IF(AF9<0.4,"Arching")) -> Thermal Decomposition,corona
A10: 8 | B10: 172578 | C10: 10 MVA | D10: 33/11 KV | E10: RAJASTAN | F10: 2006 | G10: 8.6 | H10: 5.332 | I10: 15666.792 | J10: 66793.018 | K10: 190.662 | L10: 2283.3 | M10: 2.15 | N10: 13.33 | O10: 5.59 | P10: 10 | Q10: =IFERROR(P10/O10," ") -> 1.788908766 | R10: =M10/H10 -> 0.4032258065 | S10: =IFERROR(O10/N10," ") -> 0.4193548387 | T10: Arching | U10: Arching,Low temprature thermal fault | V10: =IF(S10<1,"Partial discharge, Normal ",IF(S10>3,"Arching,Thermal Fault > 700 c")) -> Partial discharge, Normal | W10: =P10/O10 -> 1.788908766 | X10: =M10/H10 -> 0.4032258065 | Y10: =IFERROR(O10/N10," ") -> 0.4193548387 | Z10: =IF(W10>1,"Discharge of Low Energy, ",IF(W10<0.1,"Thermal Fault> 300c and<700 c")) -> Discharge of Low Energy, | AA10: High Energy Discharge | AB10: thermal fault <300 | AC10: =M10/H10 -> 0.4032258065 | AD10: =IFERROR(P10/O10," ") -> 1.788908766 | AE10: =P10/M10 -> 4.651162791 | AF10: =IFERROR(N10/P10," ") -> 1.333 | AG10: Arching | AH10: =IF(AD10<0.75,"Thermal Decomposition, ",IF(AD10>0.75,"Arching")) -> Arching | AI10: =IF(AE10<0.3,"Thermal Decomposition,corona ",IF(AE10>0.3,"Arching")) -> Arching | AJ10: =IF(AF10>0.4,"Thermal Decomposition,corona ",IF(AF10<0.4,"Arching")) -> Thermal Decomposition,corona
A11: 9 | B11: TTL/UP25235 T-1960 | C11: 10 MVA | D11: 33/11 | E11: TESLA TRANSFORMER | F11: 2002 | G11: 7.8 | H11: 7.488 | I11: 14384.994 | J11: 59960.238 | K11: 269.334 | L11: 2765.334 | M11: 18.954 | N11: 7.722 | O11: 31.122 | P11: 25 | Q11: =IFERROR(P11/O11," ") -> 0.803290277 | R11: =M11/H11 -> 2.53125 | S11: =IFERROR(O11/N11," ") -> 4.03030303 | T11: =IF(Q11<1,"Partial discharge,Low Temprature thermal fault,") -> Partial discharge,Low Temprature thermal fault, | U11: =IF(R11>1,"Thermal Fault <700c, thermal fault >700c ") -> Thermal Fault <700c, thermal fault >700c | V11: =IF(S11<1,"Partial discharge, Normal ",IF(S11>3,"Arching,Thermal Fault > 700 c")) -> Arching,Thermal Fault > 700 c | W11: =P11/O11 -> 0.803290277 | X11: =M11/H11 -> 2.53125 | Y11: =IFERROR(O11/N11," ") -> 4.03030303 | Z11: High Energy Discharge | AA11: =IF(X11<0.1,"Partial Discharges, ",IF(X11>1,"Thermal Fault >300c and<700 and >700 c")) -> Thermal Fault >300c and<700 and >700 c | AB11: =IF(Y11<0.2,"Partial Discharges, ",IF(Y11>1,"Thermal Fault >700 c")) -> Thermal Fault >700 c | AC11: =M11/H11 -> 2.53125 | AD11: =IFERROR(P11/O11," ") -> 0.803290277 | AE11: =P11/M11 -> 1.3189828 | AF11: =IFERROR(N11/P11," ") -> 0.30888 | AG11: =IF(AC11>1,"Thermal Decomposition, ",IF(AC11<0.1,"Corona,Arching")) -> Thermal Decomposition, | AH11: =IF(AD11<0.75,"Thermal Decomposition, ",IF(AD11>0.75,"Arching")) -> Arching | AI11: =IF(AE11<0.3,"Thermal Decomposition,corona ",IF(AE11>0.3,"Arching")) -> Arching | AJ11: =IF(AF11>0.4,"Thermal Decomposition,corona ",IF(AF11<0.4,"Arching")) -> Arching
A12: 10 | B12: 69546 | C12: 10 MVA | D12: 33/11 KV | E12: MARSONS | F12: 2012 | G12: 8.1 | H12: 5.589 | I12: 15002.739 | J12: 61258.113 | K12: 353.808 | L12: 3861.837 | M12: 7.371 | N12: 6 | O12: 4 | P12: 8 | Q12: =IFERROR(P12/O12," ") -> 2 | R12: =M12/H12 -> 1.31884058 | S12: =IFERROR(O12/N12," ") -> 0.6666666667 | T12: Arching | U12: =IF(R12>1,"Thermal Fault <700c, thermal fault >700c ") -> Thermal Fault <700c, thermal fault >700c | V12: =IF(S12<1,"Partial discharge, Normal ",IF(S12>3,"Arching,Thermal Fault > 700 c")) -> Partial discharge, Normal | W12: =P12/O12 -> 2 | X12: =M12/H12 -> 1.31884058 | Y12: =IFERROR(O12/N12," ") -> 0.6666666667 | Z12: =IF(W12>1,"Discharge of Low Energy, ",IF(W12<0.1,"Thermal Fault> 300c and<700 c")) -> Discharge of Low Energy, | AA12: =IF(X12<0.1,"Partial Discharges, ",IF(X12>1,"Thermal Fault >300c and<700 and >700 c")) -> Thermal Fault >300c and<700 and >700 c | AB12: thermal fault <300 | AC12: =M12/H12 -> 1.31884058 | AD12: =IFERROR(P12/O12," ") -> 2 | AE12: =P12/M12 -> 1.085334419 | AF12: =IFERROR(N12/P12," ") -> 0.75 | AG12: =IF(AC12>1,"Thermal Decomposition, ",IF(AC12<0.1,"Corona,Arching")) -> Thermal Decomposition, | AH12: =IF(AD12<0.75,"Thermal Decomposition, ",IF(AD12>0.75,"Arching")) -> Arching | AI12: =IF(AE12<0.3,"Thermal Decomposition,corona ",IF(AE12>0.3,"Arching")) -> Arching | AJ12: =IF(AF12>0.4,"Thermal Decomposition,corona ",IF(AF12<0.4,"Arching")) -> Thermal Decomposition,corona
A13: 11 | B13: 69543 | C13: 10 MVA | D13: 33/11 KV | E13: MARSONS | F13: 2011 | G13: 8.5 | H13: 1.615 | I13: 15602.43 | J13: 65923.28 | K13: 211.905 | L13: 2347.105 | M13: 5.525 | N13: 5 | O13: 5 | P13: 4 | Q13: =IFERROR(P13/O13," ") -> 0.8 | R13: =M13/H13 -> 3.421052632 | S13: =IFERROR(O13/N13," ") -> 1 | T13: =IF(Q13<1,"Partial discharge,Low Temprature thermal fault,") -> Partial discharge,Low Temprature thermal fault, | U13: =IF(R13>1,"Thermal Fault <700c, thermal fault >700c ") -> Thermal Fault <700c, thermal fault >700c | V13: Low Temprature thermal Fault,Thermal Fault<700c | W13: =P13/O13 -> 0.8 | X13: =M13/H13 -> 3.421052632 | Y13: =IFERROR(O13/N13," ") -> 1 | Z13: High Energy Discharge | AA13: =IF(X13<0.1,"Partial Discharges, ",IF(X13>1,"Thermal Fault >300c and<700 and >700 c")) -> Thermal Fault >300c and<700 and >700 c | AB13: High energhy Discharge | AC13: =M13/H13 -> 3.421052632 | AD13: =IFERROR(P13/O13," ") -> 0.8 | AE13: =P13/M13 -> 0.7239819005 | AF13: =IFERROR(N13/P13," ") -> 1.25 | AG13: =IF(AC13>1,"Thermal Decomposition, ",IF(AC13<0.1,"Corona,Arching")) -> Thermal Decomposition, | AH13: =IF(AD13<0.75,"Thermal Decomposition, ",IF(AD13>0.75,"Arching")) -> Arching | AI13: =IF(AE13<0.3,"Thermal Decomposition,corona ",IF(AE13>0.3,"Arching")) -> Arching | AJ13: =IF(AF13>0.4,"Thermal Decomposition,corona ",IF(AF13<0.4,"Arching")) -> Thermal Decomposition,corona
A14: 12 | B14: 69542 | C14: 10 MVA | D14: 33/11 KV | E14: MARSONS | F14: 2011 | G14: 8.4 | H14: 8.064 | I14: 15280.356 | J14: 64058.484 | K14: 396.564 | L14: 3724.728 | M14: 11.34 | N14: 10 | O14: 10 | P14: 8 | Q14: =IFERROR(P14/O14," ") -> 0.8 | R14: =M14/H14 -> 1.40625 | S14: =IFERROR(O14/N14," ") -> 1 | T14: =IF(Q14<1,"Partial discharge,Low Temprature thermal fault,") -> Partial discharge,Low Temprature thermal fault, | U14: =IF(R14>1,"Thermal Fault <700c, thermal fault >700c ") -> Thermal Fault <700c, thermal fault >700c | V14: Low Temprature thermal Fault,Thermal Fault<700c | W14: =P14/O14 -> 0.8 | X14: =M14/H14 -> 1.40625 | Y14: =IFERROR(O14/N14," ") -> 1 | Z14: High Energy Discharge | AA14: =IF(X14<0.1,"Partial Discharges, ",IF(X14>1,"Thermal Fault >300c and<700 and >700 c")) -> Thermal Fault >300c and<700 and >700 c | AB14: High energhy Discharge | AC14: =M14/H14 -> 1.40625 | AD14: =IFERROR(P14/O14," ") -> 0.8 | AE14: =P14/M14 -> 0.7054673721 | AF14: =IFERROR(N14/P14," ") -> 1.25 | AG14: =IF(AC14>1,"Thermal Decomposition, ",IF(AC14<0.1,"Corona,Arching")) -> Thermal Decomposition, | AH14: =IF(AD14<0.75,"Thermal Decomposition, ",IF(AD14>0.75,"Arching")) -> Arching | AI14: =IF(AE14<0.3,"Thermal Decomposition,corona ",IF(AE14>0.3,"Arching")) -> Arching | AJ14: =IF(AF14>0.4,"Thermal Decomposition,corona ",IF(AF14<0.4,"Arching")) -> Thermal Decomposition,corona
A15: 13 | B15: 69545 | C15: 10 MVA | D15: 33/11 KV | E15: MARSONS | F15: 2012 | G15: 8.2 | H15: 3.69 | I15: 15127.688 | J15: 64168.772 | K15: 174.086 | L15: 2084.85 | M15: 5.33 | N15: 4.018 | O15: 8.856 | P15: 8 | Q15: =IFERROR(P15/O15," ") -> 0.9033423668 | R15: =M15/H15 -> 1.444444444 | S15: =IFERROR(O15/N15," ") -> 2.204081633 | T15: =IF(Q15<1,"Partial discharge,Low Temprature thermal fault,") -> Partial discharge,Low Temprature thermal fault, | U15: =IF(R15>1,"Thermal Fault <700c, thermal fault >700c ") -> Thermal Fault <700c, thermal fault >700c | V15: Low Temprature thermal Fault,Thermal Fault<700c | W15: =P15/O15 -> 0.9033423668 | X15: =M15/H15 -> 1.444444444 | Y15: =IFERROR(O15/N15," ") -> 2.204081633 | Z15: High Energy Discharge | AA15: =IF(X15<0.1,"Partial Discharges, ",IF(X15>1,"Thermal Fault >300c and<700 and >700 c")) -> Thermal Fault >300c and<700 and >700 c | AB15: =IF(Y15<0.2,"Partial Discharges, ",IF(Y15>1,"Thermal Fault >700 c")) -> Thermal Fault >700 c | AC15: =M15/H15 -> 1.444444444 | AD15: =IFERROR(P15/O15," ") -> 0.9033423668 | AE15: =P15/M15 -> 1.500938086 | AF15: =IFERROR(N15/P15," ") -> 0.50225 | AG15: =IF(AC15>1,"Thermal Decomposition, ",IF(AC15<0.1,"Corona,Arching")) -> Thermal Decomposition, | AH15: =IF(AD15<0.75,"Thermal Decomposition, ",IF(AD15>0.75,"Arching")) -> Arching | AI15: =IF(AE15<0.3,"Thermal Decomposition,corona ",IF(AE15>0.3,"Arching")) -> Arching | AJ15: =IF(AF15>0.4,"Thermal Decomposition,corona ",IF(AF15<0.4,"Arching")) -> Thermal Decomposition,corona
A16: 14 | B16: ATL-10187070001 | C16: 10 MVA | D16: 33/11 KV | E16: ACCURATE | F16: 2008 | G16: 8.4 | H16: 5.124 | I16: 15196.272 | J16: 65697.072 | K16: 185.304 | L16: 2039.604 | M16: 2.94 | N16: 2.1 | O16: 5.796 | P16: 5 | Q16: =IFERROR(P16/O16," ") -> 0.8626639061 | R16: =M16/H16 -> 0.5737704918 | S16: =IFERROR(O16/N16," ") -> 2.76 | T16: =IF(Q16<1,"Partial discharge,Low Temprature thermal fault,") -> Partial discharge,Low Temprature thermal fault, | U16: Arching,Low temprature thermal fault | V16: Low Temprature thermal Fault,Thermal Fault<700c | W16: =P16/O16 -> 0.8626639061 | X16: =M16/H16 -> 0.5737704918 | Y16: =IFERROR(O16/N16," ") -> 2.76 | Z16: High Energy Discharge | AA16: High Energy Discharge | AB16: =IF(Y16<0.2,"Partial Discharges, ",IF(Y16>1,"Thermal Fault >700 c")) -> Thermal Fault >700 c | AC16: =M16/H16 -> 0.5737704918 | AD16: =IFERROR(P16/O16," ") -> 0.8626639061 | AE16: =P16/M16 -> 1.700680272 | AF16: =IFERROR(N16/P16," ") -> 0.42 | AG16: Arching | AH16: =IF(AD16<0.75,"Thermal Decomposition, ",IF(AD16>0.75,"Arching")) -> Arching | AI16: =IF(AE16<0.3,"Thermal Decomposition,corona ",IF(AE16>0.3,"Arching")) -> Arching | AJ16: =IF(AF16>0.4,"Thermal Decomposition,corona ",IF(AF16<0.4,"Arching")) -> Thermal Decomposition,corona
A17: 15 | B17: 2165 | C17: 10 MVA | D17: 33/11 KV | E17: PARTICULAR | F17: 2013 | G17: 8.5 | H17: 8.415 | I17: 15522.955 | J17: 65567.385 | K17: 233.58 | L17: 2540.48 | M17: 7.225 | N17: 9 | O17: 8 | P17: 8 | Q17: =IFERROR(P17/O17," ") -> 1 | R17: =M17/H17 -> 0.8585858586 | S17: =IFERROR(O17/N17," ") -> 0.8888888889 | T17: Arching | U17: Arching,Low temprature thermal fault | V17: =IF(S17<1,"Partial discharge, Normal ",IF(S17>3,"Arching,Thermal Fault > 700 c")) -> Partial discharge, Normal | W17: =P17/O17 -> 1 | X17: =M17/H17 -> 0.8585858586 | Y17: =IFERROR(O17/N17," ") -> 0.8888888889 | Z17: High Energy Discharge | AA17: High Energy Discharge | AB17: High energhy Discharge | AC17: =M17/H17 -> 0.8585858586 | AD17: =IFERROR(P17/O17," ") -> 1 | AE17: =P17/M17 -> 1.107266436 | AF17: =IFERROR(N17/P17," ") -> 1.125 | AG17: Arching | AH17: =IF(AD17<0.75,"Thermal Decomposition, ",IF(AD17>0.75,"Arching")) -> Arching | AI17: =IF(AE17<0.3,"Thermal Decomposition,corona ",IF(AE17>0.3,"Arching")) -> Arching | AJ17: =IF(AF17>0.4,"Thermal Decomposition,corona ",IF(AF17<0.4,"Arching")) -> Thermal Decomposition,corona
A18: 16 | B18: 95589 | C18: 10 MVA | D18: 33/11 KV | E18: MARSONS | F18: 2015 | G18: 8 | H18: 9.52 | I18: 14900.96 | J18: 60161.52 | K18: 387.84 | L18: 3842.96 | M18: 18.32 | N18: 4.08 | O18: 11.84 | P18: 18 | Q18: =IFERROR(P18/O18," ") -> 1.52027027 | R18: =M18/H18 -> 1.924369748 | S18: =IFERROR(O18/N18," ") -> 2.901960784 | T18: Arching | U18: =IF(R18>1,"Thermal Fault <700c, thermal fault >700c ") -> Thermal Fault <700c, thermal fault >700c | V18: Low Temprature thermal Fault,Thermal Fault<700c | W18: =P18/O18 -> 1.52027027 | X18: =M18/H18 -> 1.924369748 | Y18: =IFERROR(O18/N18," ") -> 2.901960784 | Z18: =IF(W18>1,"Discharge of Low Energy, ",IF(W18<0.1,"Thermal Fault> 300c and<700 c")) -> Discharge of Low Energy, | AA18: =IF(X18<0.1,"Partial Discharges, ",IF(X18>1,"Thermal Fault >300c and<700 and >700 c")) -> Thermal Fault >300c and<700 and >700 c | AB18: =IF(Y18<0.2,"Partial Discharges, ",IF(Y18>1,"Thermal Fault >700 c")) -> Thermal Fault >700 c | AC18: =M18/H18 -> 1.924369748 | AD18: =IFERROR(P18/O18," ") -> 1.52027027 | AE18: =P18/M18 -> 0.9825327511 | AF18: =IFERROR(N18/P18," ") -> 0.2266666667 | AG18: =IF(AC18>1,"Thermal Decomposition, ",IF(AC18<0.1,"Corona,Arching")) -> Thermal Decomposition, | AH18: =IF(AD18<0.75,"Thermal Decomposition, ",IF(AD18>0.75,"Arching")) -> Arching | AI18: =IF(AE18<0.3,"Thermal Decomposition,corona ",IF(AE18>0.3,"Arching")) -> Arching | AJ18: =IF(AF18>0.4,"Thermal Decomposition,corona ",IF(AF18<0.4,"Arching")) -> Arching
A19: 17 | B19: 62444 | C19: 10 MVA | D19: 33/11 KV | E19: MARSONS | F19: 2010 | G19: 8.5 | H19: 12.58 | I19: 16844.025 | J19: 60794.975 | K19: 603.33 | L19: 5941.755 | M19: 21.675 | N19: 16.065 | O19: 114.92 | P19: 100 | Q19: =IFERROR(P19/O19," ") -> 0.8701705534 | R19: =M19/H19 -> 1.722972973 | S19: =IFERROR(O19/N19," ") -> 7.153439153 | T19: =IF(Q19<1,"Partial discharge,Low Temprature thermal fault,") -> Partial discharge,Low Temprature thermal fault, | U19: =IF(R19>1,"Thermal Fault <700c, thermal fault >700c ") -> Thermal Fault <700c, thermal fault >700c | V19: =IF(S19<1,"Partial discharge, Normal ",IF(S19>3,"Arching,Thermal Fault > 700 c")) -> Arching,Thermal Fault > 700 c | W19: =P19/O19 -> 0.8701705534 | X19: =M19/H19 -> 1.722972973 | Y19: =IFERROR(O19/N19," ") -> 7.153439153 | Z19: High Energy Discharge | AA19: =IF(X19<0.1,"Partial Discharges, ",IF(X19>1,"Thermal Fault >300c and<700 and >700 c")) -> Thermal Fault >300c and<700 and >700 c | AB19: =IF(Y19<0.2,"Partial Discharges, ",IF(Y19>1,"Thermal Fault >700 c")) -> Thermal Fault >700 c | AC19: =M19/H19 -> 1.722972973 | AD19: =IFERROR(P19/O19," ") -> 0.8701705534 | AE19: =P19/M19 -> 4.61361015 | AF19: =IFERROR(N19/P19," ") -> 0.16065 | AG19: =IF(AC19>1,"Thermal Decomposition, ",IF(AC19<0.1,"Corona,Arching")) -> Thermal Decomposition, | AH19: =IF(AD19<0.75,"Thermal Decomposition, ",IF(AD19>0.75,"Arching")) -> Arching | AI19: =IF(AE19<0.3,"Thermal Decomposition,corona ",IF(AE19>0.3,"Arching")) -> Arching | AJ19: =IF(AF19>0.4,"Thermal Decomposition,corona ",IF(AF19<0.4,"Arching")) -> Arching
A20: 18 | B20: T-2228 | C20: 10 MVA | D20: 33/11 KV | E20: KATSONS | F20: 2013 | G20: 8.2 | H20: 1.558 | I20: 14378.454 | J20: 65308.49 | K20: 134.726 | L20: 1422.618 | M20: 7.298 | N20: 11 | O20: 9 | P20: 6 | Q20: =IFERROR(P20/O20," ") -> 0.6666666667 | R20: =M20/H20 -> 4.684210526 | S20: =IFERROR(O20/N20," ") -> 0.8181818182 | T20: =IF(Q20<1,"Partial discharge,Low Temprature thermal fault,") -> Partial discharge,Low Temprature thermal fault, | U20: =IF(R20>1,"Thermal Fault <700c, thermal fault >700c ") -> Thermal Fault <700c, thermal fault >700c | V20: =IF(S20<1,"Partial discharge, Normal ",IF(S20>3,"Arching,Thermal Fault > 700 c")) -> Partial discharge, Normal | W20: =P20/O20 -> 0.6666666667 | X20: =M20/H20 -> 4.684210526 | Y20: =IFERROR(O20/N20," ") -> 0.8181818182 | Z20: High Energy Discharge | AA20: =IF(X20<0.1,"Partial Discharges, ",IF(X20>1,"Thermal Fault >300c and<700 and >700 c")) -> Thermal Fault >300c and<700 and >700 c | AB20: High energhy Discharge | AC20: =M20/H20 -> 4.684210526 | AD20: =IFERROR(P20/O20," ") -> 0.6666666667 | AE20: =P20/M20 -> 0.8221430529 | AF20: =IFERROR(N20/P20," ") -> 1.833333333 | AG20: =IF(AC20>1,"Thermal Decomposition, ",IF(AC20<0.1,"Corona,Arching")) -> Thermal Decomposition, | AH20: =IF(AD20<0.75,"Thermal Decomposition, ",IF(AD20>0.75,"Arching")) -> Thermal Decomposition, | AI20: =IF(AE20<0.3,"Thermal Decomposition,corona ",IF(AE20>0.3,"Arching")) -> Arching | AJ20: =IF(AF20>0.4,"Thermal Decomposition,corona ",IF(AF20<0.4,"Arching")) -> Thermal Decomposition,corona
A21: 19 | B21: 103757 | C21: 10 MVA | D21: 33/11 KV | E21: MARSONS | F21: 2019 | G21: 8.2 | H21: 8.036 | I21: 14956.554 | J21: 64368.77 | K21: 168.592 | L21: 1772.102 | M21: 4.182 | N21: 15 | O21: 8 | P21: 8 | Q21: =IFERROR(P21/O21," ") -> 1 | R21: =M21/H21 -> 0.5204081633 | S21: =IFERROR(O21/N21," ") -> 0.5333333333 | T21: Arching | U21: Arching,Low temprature thermal fault | V21: =IF(S21<1,"Partial discharge, Normal ",IF(S21>3,"Arching,Thermal Fault > 700 c")) -> Partial discharge, Normal | W21: =P21/O21 -> 1 | X21: =M21/H21 -> 0.5204081633 | Y21: =IFERROR(O21/N21," ") -> 0.5333333333 | Z21: High Energy Discharge | AA21: High Energy Discharge | AB21: High energhy Discharge | AC21: =M21/H21 -> 0.5204081633 | AD21: =IFERROR(P21/O21," ") -> 1 | AE21: =P21/M21 -> 1.912960306 | AF21: =IFERROR(N21/P21," ") -> 1.875 | AG21: Arching | AH21: =IF(AD21<0.75,"Thermal Decomposition, ",IF(AD21>0.75,"Arching")) -> Arching | AI21: =IF(AE21<0.3,"Thermal Decomposition,corona ",IF(AE21>0.3,"Arching")) -> Arching | AJ21: =IF(AF21>0.4,"Thermal Decomposition,corona ",IF(AF21<0.4,"Arching")) -> Thermal Decomposition,corona
A22: 20 | B22: 102146 | C22: 10 MVA | D22: 33/11 KV | E22: MARSONS | F22: 2017 | G22: 8.5 | H22: 6.63 | I22: 15460.735 | J22: 65784.22 | K22: 249.305 | L22: 2536.06 | M22: 7.225 | N22: 9 | O22: 9 | P22: 3 | Q22: =IFERROR(P22/O22," ") -> 0.3333333333 | R22: =M22/H22 -> 1.08974359 | S22: =IFERROR(O22/N22," ") -> 1 | T22: =IF(Q22<1,"Partial discharge,Low Temprature thermal fault,") -> Partial discharge,Low Temprature thermal fault, | U22: =IF(R22>1,"Thermal Fault <700c, thermal fault >700c ") -> Thermal Fault <700c, thermal fault >700c | V22: Low Temprature thermal Fault,Thermal Fault<700c | W22: =P22/O22 -> 0.3333333333 | X22: =M22/H22 -> 1.08974359 | Y22: =IFERROR(O22/N22," ") -> 1 | Z22: High Energy Discharge | AA22: =IF(X22<0.1,"Partial Discharges, ",IF(X22>1,"Thermal Fault >300c and<700 and >700 c")) -> Thermal Fault >300c and<700 and >700 c | AB22: High energhy Discharge | AC22: =M22/H22 -> 1.08974359 | AD22: =IFERROR(P22/O22," ") -> 0.3333333333 | AE22: =P22/M22 -> 0.4152249135 | AF22: =IFERROR(N22/P22," ") -> 3 | AG22: =IF(AC22>1,"Thermal Decomposition, ",IF(AC22<0.1,"Corona,Arching")) -> Thermal Decomposition, | AH22: =IF(AD22<0.75,"Thermal Decomposition, ",IF(AD22>0.75,"Arching")) -> Thermal Decomposition, | AI22: =IF(AE22<0.3,"Thermal Decomposition,corona ",IF(AE22>0.3,"Arching")) -> Arching | AJ22: =IF(AF22>0.4,"Thermal Decomposition,corona ",IF(AF22<0.4,"Arching")) -> Thermal Decomposition,corona
A23: 21 | B23: 96591 | C23: 10 MVA | D23: 33/11 KV | E23: MARSONS | F23: 2015 | G23: 7.8 | H23: 9.594 | I23: 14803.152 | J23: 59331.48 | K23: 290.472 | L23: 2714.79 | M23: 17.784 | N23: 8 | O23: 7.722 | P23: 9 | Q23: =IFERROR(P23/O23," ") -> 1.165501166 | R23: =M23/H23 -> 1.853658537 | S23: =IFERROR(O23/N23," ") -> 0.96525 | T23: Arching | U23: =IF(R23>1,"Thermal Fault <700c, thermal fault >700c ") -> Thermal Fault <700c, thermal fault >700c | V23: =IF(S23<1,"Partial discharge, Normal ",IF(S23>3,"Arching,Thermal Fault > 700 c")) -> Partial discharge, Normal | W23: =P23/O23 -> 1.165501166 | X23: =IFERROR(M23/H23," ") -> 1.853658537 | Y23: =IFERROR(O23/N23," ") -> 0.96525 | Z23: =IF(W23>1,"Discharge of Low Energy, ",IF(W23<0.1,"Thermal Fault> 300c and<700 c")) -> Discharge of Low Energy, | AA23: =IF(X23<0.1,"Partial Discharges, ",IF(X23>1,"Thermal Fault >300c and<700 and >700 c")) -> Thermal Fault >300c and<700 and >700 c | AB23: High energhy Discharge | AC23: =M23/H23 -> 1.853658537 | AD23: =IFERROR(P23/O23," ") -> 1.165501166 | AE23: =P23/M23 -> 0.5060728745 | AF23: =IFERROR(N23/P23," ") -> 0.8888888889 | AG23: =IF(AC23>1,"Thermal Decomposition, ",IF(AC23<0.1,"Corona,Arching")) -> Thermal Decomposition, | AH23: =IF(AD23<0.75,"Thermal Decomposition, ",IF(AD23>0.75,"Arching")) -> Arching | AI23: =IF(AE23<0.3,"Thermal Decomposition,corona ",IF(AE23>0.3,"Arching")) -> Arching | AJ23: =IF(AF23>0.4,"Thermal Decomposition,corona ",IF(AF23<0.4,"Arching")) -> Thermal Decomposition,corona
A24: 22 | B24: 109394 | C24: 10 MVA | D24: 33/11 KV | E24: MARSONS | F24: 2020 | G24: 8.1 | H24: 2.106 | I24: 14994.639 | J24: 64523.304 | K24: 94.608 | L24: 898.047 | M24: 6 | N24: 7 | O24: 8 | P24: 10 | Q24: =IFERROR(P24/O24," ") -> 1.25 | R24: =M24/H24 -> 2.849002849 | S24: =IFERROR(O24/N24," ") -> 1.142857143 | T24: Arching | U24: =IF(R24<0.1, "Partial discharge", "Low temperature thermal ") -> Low temperature thermal | V24: Low Temprature thermal Fault,Thermal Fault<700c | W24: =P24/O24 -> 1.25 | X24: =IFERROR(M24/H24," ") -> 2.849002849 | Y24: =IFERROR(O24/N24," ") -> 1.142857143 | Z24: =IF(W24>1,"Discharge of Low Energy, ",IF(W24<0.1,"Thermal Fault> 300c and<700 c")) -> Discharge of Low Energy, | AA24: =IF(X24<0.1,"Partial Discharges, ",IF(X24>1,"Thermal Fault >300c and<700 and >700 c")) -> Thermal Fault >300c and<700 and >700 c | AB24: =IF(Y24<0.2,"Partial Discharges, ",IF(Y24>1,"Thermal Fault >700 c")) -> Thermal Fault >700 c | AC24: =M24/H24 -> 2.849002849 | AD24: =IFERROR(P24/O24," ") -> 1.25 | AE24: =P24/M24 -> 1.666666667 | AF24: =IFERROR(N24/P24," ") -> 0.7 | AG24: =IF(AC24>1,"Thermal Decomposition, ",IF(AC24<0.1,"Corona,Arching")) -> Thermal Decomposition, | AH24: =IF(AD24<0.75,"Thermal Decomposition, ",IF(AD24>0.75,"Arching")) -> Arching | AI24: =IF(AE24<0.3,"Thermal Decomposition,corona ",IF(AE24>0.3,"Arching")) -> Arching | AJ24: =IF(AF24>0.4,"Thermal Decomposition,corona ",IF(AF24<0.4,"Arching")) -> Thermal Decomposition,corona
A25: 23 | B25: 110120 | C25: 10 MVA | D25: 33/11 KV | E25: MARSONS | F25: 2020 | G25: 8.4 | H25: 3 | I25: 15372.084 | J25: 67096.092 | K25: 49.392 | L25: 558.768 | M25: 7 | N25: 6 | O25: 6 | P25: 34 | Q25: =IFERROR(P25/O25," ") -> 5.666666667 | R25: =M25/H25 -> 2.333333333 | S25: =IFERROR(O25/N25," ") -> 1 | T25: Arching | U25: =IF(R25>1,"Thermal Fault <700c, thermal fault >700c ") -> Thermal Fault <700c, thermal fault >700c | V25: Low Temprature thermal Fault,Thermal Fault<700c | W25: =P25/O25 -> 5.666666667 | X25: =IFERROR(M25/H25," ") -> 2.333333333 | Y25: =IFERROR(O25/N25," ") -> 1 | Z25: =IF(W25>1,"Discharge of Low Energy, ",IF(W25<0.1,"Thermal Fault> 300c and<700 c")) -> Discharge of Low Energy, | AA25: =IF(X25<0.1,"Partial Discharges, ",IF(X25>1,"Thermal Fault >300c and<700 and >700 c")) -> Thermal Fault >300c and<700 and >700 c | AB25: thermal fault <300 c | AC25: =M25/H25 -> 2.333333333 | AD25: =IFERROR(P25/O25," ") -> 5.666666667 | AE25: =P25/M25 -> 4.857142857 | AF25: =IFERROR(N25/P25," ") -> 0.1764705882 | AG25: =IF(AC25>1,"Thermal Decomposition, ",IF(AC25<0.1,"Corona,Arching")) -> Thermal Decomposition, | AH25: =IF(AD25<0.75,"Thermal Decomposition, ",IF(AD25>0.75,"Arching")) -> Arching | AI25: =IF(AE25<0.3,"Thermal Decomposition,corona ",IF(AE25>0.3,"Arching")) -> Arching | AJ25: =IF(AF25>0.4,"Thermal Decomposition,corona ",IF(AF25<0.4,"Arching")) -> Arching
A26: 24 | B26: 109392 | C26: 10 MVA | D26: 33/11 KV | E26: MARSONS | F26: 2020 | G26: 8.4 | H26: 3.948 | I26: 15735.972 | J26: 66306.156 | K26: 72.66 | L26: 751.884 | M26: 9 | N26: 11 | O26: 8 | P26: 17 | Q26: =IFERROR(P26/O26," ") -> 2.125 | R26: =M26/H26 -> 2.279635258 | S26: =IFERROR(O26/N26," ") -> 0.7272727273 | T26: Arching | U26: =IF(R26<0.1, "Partial discharge", "Low temperature thermal ") -> Low temperature thermal | V26: =IF(S26<1,"Partial discharge, Normal ",IF(S26>3,"Arching,Thermal Fault > 700 c")) -> Partial discharge, Normal | W26: =P26/O26 -> 2.125 | X26: =IFERROR(M26/H26," ") -> 2.279635258 | Y26: =IFERROR(O26/N26," ") -> 0.7272727273 | Z26: =IF(W26>1,"Discharge of Low Energy, ",IF(W26<0.1,"Thermal Fault> 300c and<700 c")) -> Discharge of Low Energy, | AA26: =IF(X26<0.1,"Partial Discharges, ",IF(X26>1,"Thermal Fault >300c and<700 and >700 c")) -> Thermal Fault >300c and<700 and >700 c | AB26: thermal fault <300 c | AC26: =M26/H26 -> 2.279635258 | AD26: =IFERROR(P26/O26," ") -> 2.125 | AE26: =P26/M26 -> 1.888888889 | AF26: =IFERROR(N26/P26," ") -> 0.6470588235 | AG26: =IF(AC26>1,"Thermal Decomposition, ",IF(AC26<0.1,"Corona,Arching")) -> Thermal Decomposition, | AH26: =IF(AD26<0.75,"Thermal Decomposition, ",IF(AD26>0.75,"Arching")) -> Arching | AI26: =IF(AE26<0.3,"Thermal Decomposition,corona ",IF(AE26>0.3,"Arching")) -> Arching | AJ26: =IF(AF26>0.4,"Thermal Decomposition,corona ",IF(AF26<0.4,"Arching")) -> Thermal Decomposition,corona
A27: 25 | B27: 109395 | C27: 10 MVA | D27: 33/11 KV | E27: MARSONS | F27: 2020 | G27: 8.2 | H27: 6 | I27: 14969.182 | J27: 65210.254 | K27: 76.67 | L27: 836.892 | M27: 5 | N27: 12 | O27: 6 | P27: 17 | Q27: =IFERROR(P27/O27," ") -> 2.833333333 | R27: =M27/H27 -> 0.8333333333 | S27: =IFERROR(O27/N27," ") -> 0.5 | T27: Arching | U27: Arching | V27: =IF(S27<1,"Partial discharge, Normal ",IF(S27>3,"Arching,Thermal Fault > 700 c")) -> Partial discharge, Normal | W27: =P27/O27 -> 2.833333333 | X27: =IFERROR(M27/H27," ") -> 0.8333333333 | Y27: =IFERROR(O27/N27," ") -> 0.5 | Z27: =IF(W27>1,"Discharge of Low Energy, ",IF(W27<0.1,"Thermal Fault> 300c and<700 c")) -> Discharge of Low Energy, | AA27: High Energy Discharge | AB27: thermal fault <300 c | AC27: =M27/H27 -> 0.8333333333 | AD27: =IFERROR(P27/O27," ") -> 2.833333333 | AE27: =P27/M27 -> 3.4 | AF27: =IFERROR(N27/P27," ") -> 0.7058823529 | AG27: Arching | AH27: =IF(AD27<0.75,"Thermal Decomposition, ",IF(AD27>0.75,"Arching")) -> Arching | AI27: =IF(AE27<0.3,"Thermal Decomposition,corona ",IF(AE27>0.3,"Arching")) -> Arching | AJ27: =IF(AF27>0.4,"Thermal Decomposition,corona ",IF(AF27<0.4,"Arching")) -> Thermal Decomposition,corona
A28: 26 | B28: 107358 | C28: 10 MVA | D28: 33/11 KV | E28: MARSONS | F28: 2019 | G28: 8 | H28: 7 | I28: 14494.72 | J28: 62801.68 | K28: 158.08 | L28: 1702.24 | M28: 3 | N28: 9 | O28: 8 | P28: 34 | Q28: =IFERROR(P28/O28," ") -> 4.25 | R28: =M28/H28 -> 0.4285714286 | S28: =IFERROR(O28/N28," ") -> 0.8888888889 | T28: Arching | U28: Arching | V28: =IF(S28<1,"Partial discharge, Normal ",IF(S28>3,"Arching,Thermal Fault > 700 c")) -> Partial discharge, Normal | W28: =P28/O28 -> 4.25 | X28: =IFERROR(M28/H28," ") -> 0.4285714286 | Y28: =IFERROR(O28/N28," ") -> 0.8888888889 | Z28: =IF(W28>1,"Discharge of Low Energy, ",IF(W28<0.1,"Thermal Fault> 300c and<700 c")) -> Discharge of Low Energy, | AA28: High Energy Discharge | AB28: thermal fault <300 c | AC28: =M28/H28 -> 0.4285714286 | AD28: =IFERROR(P28/O28," ") -> 4.25 | AE28: =P28/M28 -> 11.33333333 | AF28: =IFERROR(N28/P28," ") -> 0.2647058824 | AG28: Arching | AH28: =IF(AD28<0.75,"Thermal Decomposition, ",IF(AD28>0.75,"Arching")) -> Arching | AI28: =IF(AE28<0.3,"Thermal Decomposition,corona ",IF(AE28>0.3,"Arching")) -> Arching | AJ28: =IF(AF28>0.4,"Thermal Decomposition,corona ",IF(AF28<0.4,"Arching")) -> Arching
A29: 27 | B29: 109393 | C29: 10 MVA | D29: 33/11 KV | E29: MARSONS | F29: 2020 | G29: 8.3 | H29: 9 | I29: 15162.108 | J29: 66073.644 | K29: 79.763 | L29: 842.035 | M29: 9 | N29: 11 | O29: 7 | P29: 9 | Q29: =IFERROR(P29/O29," ") -> 1.285714286 | R29: =M29/H29 -> 1 | S29: =IFERROR(O29/N29," ") -> 0.6363636364 | T29: Arching | U29: Arching | V29: =IF(S29<1,"Partial discharge, Normal ",IF(S29>3,"Arching,Thermal Fault > 700 c")) -> Partial discharge, Normal | W29: =P29/O29 -> 1.285714286 | X29: =IFERROR(M29/H29," ") -> 1 | Y29: =IFERROR(O29/N29," ") -> 0.6363636364 | Z29: =IF(W29>1,"Discharge of Low Energy, ",IF(W29<0.1,"Thermal Fault> 300c and<700 c")) -> Discharge of Low Energy, | AA29: High Energy Discharge | AB29: thermal fault <300 c | AC29: =M29/H29 -> 1 | AD29: =IFERROR(P29/O29," ") -> 1.285714286 | AE29: =P29/M29 -> 1 | AF29: =IFERROR(N29/P29," ") -> 1.222222222 | AG29: Arching | AH29: =IF(AD29<0.75,"Thermal Decomposition, ",IF(AD29>0.75,"Arching")) -> Arching | AI29: =IF(AE29<0.3,"Thermal Decomposition,corona ",IF(AE29>0.3,"Arching")) -> Arching | AJ29: =IF(AF29>0.4,"Thermal Decomposition,corona ",IF(AF29<0.4,"Arching")) -> Thermal Decomposition,corona
A30: 28 | B30: 102145 | C30: 10 MVA | D30: 33/11 KV | E30: MARSONS | F30: 2017 | G30: 8.5 | H30: 3.74 | I30: 15646.29 | J30: 67067.635 | K30: 110.415 | L30: 933.64 | M30: 5.865 | N30: 14 | O30: 5 | P30: 12 | Q30: =IFERROR(P30/O30," ") -> 2.4 | R30: =M30/H30 -> 1.568181818 | S30: =IFERROR(O30/N30," ") -> 0.3571428571 | T30: Arching | U30: =IF(R30>1,"Thermal Fault <700c, thermal fault >700c ") -> Thermal Fault <700c, thermal fault >700c | V30: =IF(S30<1,"Partial discharge, Normal ",IF(S30>3,"Arching,Thermal Fault > 700 c")) -> Partial discharge, Normal | W30: =P30/O30 -> 2.4 | X30: =IFERROR(M30/H30," ") -> 1.568181818 | Y30: =IFERROR(O30/N30," ") -> 0.3571428571 | Z30: =IF(W30>1,"Discharge of Low Energy, ",IF(W30<0.1,"Thermal Fault> 300c and<700 c")) -> Discharge of Low Energy, | AA30: =IF(X30<0.1,"Partial Discharges, ",IF(X30>1,"Thermal Fault >300c and<700 and >700 c")) -> Thermal Fault >300c and<700 and >700 c | AB30: thermal fault <300 c | AC30: =M30/H30 -> 1.568181818 | AD30: =IFERROR(P30/O30," ") -> 2.4 | AE30: =P30/M30 -> 2.046035806 | AF30: =IFERROR(N30/P30," ") -> 1.166666667 | AG30: =IF(AC30>1,"Thermal Decomposition, ",IF(AC30<0.1,"Corona,Arching")) -> Thermal Decomposition, | AH30: =IF(AD30<0.75,"Thermal Decomposition, ",IF(AD30>0.75,"Arching")) -> Arching | AI30: =IF(AE30<0.3,"Thermal Decomposition,corona ",IF(AE30>0.3,"Arching")) -> Arching | AJ30: =IF(AF30>0.4,"Thermal Decomposition,corona ",IF(AF30<0.4,"Arching")) -> Thermal Decomposition,corona
A31: 29 | B31: 103754 | C31: 10 MVA | D31: 33/11 KV | E31: MARSONS | F31: 2018 | G31: 8.3 | H31: 12.948 | I31: 15300.469 | J31: 64967.752 | K31: 161.601 | L31: 1625.887 | M31: 4.067 | N31: 11 | O31: 7 | P31: 45 | Q31: =IFERROR(P31/O31," ") -> 6.428571429 | R31: =M31/H31 -> 0.3141025641 | S31: =IFERROR(O31/N31," ") -> 0.6363636364 | T31: Arching | U31: Arching,Low temprature thermal fault | V31: =IF(S31<1,"Partial discharge, Normal ",IF(S31>3,"Arching,Thermal Fault > 700 c")) -> Partial discharge, Normal | W31: =P31/O31 -> 6.428571429 | X31: =IFERROR(M31/H31," ") -> 0.3141025641 | Y31: =IFERROR(O31/N31," ") -> 0.6363636364 | Z31: =IF(W31>1,"Discharge of Low Energy, ",IF(W31<0.1,"Thermal Fault> 300c and<700 c")) -> Discharge of Low Energy, | AA31: High Energy Discharge | AB31: thermal fault <300 c | AC31: =M31/H31 -> 0.3141025641 | AD31: =IFERROR(P31/O31," ") -> 6.428571429 | AE31: =P31/M31 -> 11.06466683 | AF31: =IFERROR(N31/P31," ") -> 0.2444444444 | AG31: Arching | AH31: =IF(AD31<0.75,"Thermal Decomposition, ",IF(AD31>0.75,"Arching")) -> Arching | AI31: =IF(AE31<0.3,"Thermal Decomposition,corona ",IF(AE31>0.3,"Arching")) -> Arching | AJ31: =IF(AF31>0.4,"Thermal Decomposition,corona ",IF(AF31<0.4,"Arching")) -> Arching
A32: 30 | B32: 103756 | C32: 10 MVA | D32: 33/11 KV | E32: MARSONS | F32: 2019 | G32: 8.5 | H32: 16.83 | I32: 16032.615 | J32: 66596.565 | K32: 155.975 | L32: 1646.195 | M32: 9 | N32: 14 | O32: 9 | P32: 37 | Q32: =IFERROR(P32/O32," ") -> 4.111111111 | R32: =M32/H32 -> 0.5347593583 | S32: =IFERROR(O32/N32," ") -> 0.6428571429 | T32: Arching | U32: Arching,Low temprature thermal fault | V32: =IF(S32<1,"Partial discharge, Normal ",IF(S32>3,"Arching,Thermal Fault > 700 c")) -> Partial discharge, Normal | W32: =P32/O32 -> 4.111111111 | X32: =IFERROR(M32/H32," ") -> 0.5347593583 | Y32: =IFERROR(O32/N32," ") -> 0.6428571429 | Z32: =IF(W32>1,"Discharge of Low Energy, ",IF(W32<0.1,"Thermal Fault> 300c and<700 c")) -> Discharge of Low Energy, | AA32: High Energy Discharge | AB32: thermal fault <300 c | AC32: =M32/H32 -> 0.5347593583 | AD32: =IFERROR(P32/O32," ") -> 4.111111111 | AE32: =P32/M32 -> 4.111111111 | AF32: =IFERROR(N32/P32," ") -> 0.3783783784 | AG32: Arching | AH32: =IF(AD32<0.75,"Thermal Decomposition, ",IF(AD32>0.75,"Arching")) -> Arching | AI32: =IF(AE32<0.3,"Thermal Decomposition,corona ",IF(AE32>0.3,"Arching")) -> Arching | AJ32: =IF(AF32>0.4,"Thermal Decomposition,corona ",IF(AF32<0.4,"Arching")) -> Arching
A33: 31 | B33: 102147 | C33: 10 MVA | D33: 33/11 KV | E33: MARSONS | F33: 2017 | G33: 8.4 | H33: 8.316 | I33: 15461.796 | J33: 64806.084 | K33: 249.564 | L33: 2456.58 | M33: 8.232 | N33: 6.468 | O33: 5 | P33: 38 | Q33: =IFERROR(P33/O33," ") -> 7.6 | R33: =M33/H33 -> 0.9898989899 | S33: =IFERROR(O33/N33," ") -> 0.7730364873 | T33: Arching | U33: Arching,Low temprature thermal fault | V33: =IF(S33<1,"Partial discharge, Normal ",IF(S33>3,"Arching,Thermal Fault > 700 c")) -> Partial discharge, Normal | W33: =P33/O33 -> 7.6 | X33: =IFERROR(M33/H33," ") -> 0.9898989899 | Y33: =IFERROR(O33/N33," ") -> 0.7730364873 | Z33: =IF(W33>1,"Discharge of Low Energy, ",IF(W33<0.1,"Thermal Fault> 300c and<700 c")) -> Discharge of Low Energy, | AA33: High Energy Discharge | AB33: thermal fault <300 c | AC33: =M33/H33 -> 0.9898989899 | AD33: =IFERROR(P33/O33," ") -> 7.6 | AE33: =P33/M33 -> 4.616132167 | AF33: =IFERROR(N33/P33," ") -> 0.1702105263 | AG33: Arching | AH33: =IF(AD33<0.75,"Thermal Decomposition, ",IF(AD33>0.75,"Arching")) -> Arching | AI33: =IF(AE33<0.3,"Thermal Decomposition,corona ",IF(AE33>0.3,"Arching")) -> Arching | AJ33: =IF(AF33>0.4,"Thermal Decomposition,corona ",IF(AF33<0.4,"Arching")) -> Arching
A34: 32 | B34: 109620(TIT005184) | C34: 10 MVA | D34: 33/11 KV | E34: MARSONS | F34: 2021 | G34: 8.4 | H34: 3 | I34: 15346.716 | J34: 66991.848 | K34: 48.468 | L34: 544.572 | M34: 6 | N34: 13 | O34: 9 | P34: 9 | Q34: =IFERROR(P34/O34," ") -> 1 | R34: =M34/H34 -> 2 | S34: =IFERROR(O34/N34," ") -> 0.6923076923 | T34: Arching | U34: =IF(R34>1,"Thermal Fault <700c, thermal fault >700c ") -> Thermal Fault <700c, thermal fault >700c | V34: =IF(S34<1,"Partial discharge, Normal ",IF(S34>3,"Arching,Thermal Fault > 700 c")) -> Partial discharge, Normal | W34: =P34/O34 -> 1 | X34: =IFERROR(M34/H34," ") -> 2 | Y34: =IFERROR(O34/N34," ") -> 0.6923076923 | Z34: High Energy Discharge | AA34: =IF(X34<0.1,"Partial Discharges, ",IF(X34>1,"Thermal Fault >300c and<700 and >700 c")) -> Thermal Fault >300c and<700 and >700 c | AB34: thermal fault <300 c | AC34: =M34/H34 -> 2 | AD34: =IFERROR(P34/O34," ") -> 1 | AE34: =P34/M34 -> 1.5 | AF34: =IFERROR(N34/P34," ") -> 1.444444444 | AG34: =IF(AC34>1,"Thermal Decomposition, ",IF(AC34<0.1,"Corona,Arching")) -> Thermal Decomposition, | AH34: =IF(AD34<0.75,"Thermal Decomposition, ",IF(AD34>0.75,"Arching")) -> Arching | AI34: =IF(AE34<0.3,"Thermal Decomposition,corona ",IF(AE34>0.3,"Arching")) -> Arching | AJ34: =IF(AF34>0.4,"Thermal Decomposition,corona ",IF(AF34<0.4,"Arching")) -> Thermal Decomposition,corona
A35: 33 | B35: 109618(TIT005718) | C35: 10 MVA | D35: 33/11 KV | E35: MARSONS | F35: 2015 | G35: 8.3 | H35: 4.814 | I35: 15187.174 | J35: 62781.615 | K35: 375.492 | L35: 3515.548 | M35: 10.126 | N35: 8.217 | O35: 5 | P35: 2 | Q35: =IFERROR(P35/O35," ") -> 0.4 | R35: =M35/H35 -> 2.103448276 | S35: =IFERROR(O35/N35," ") -> 0.6084945844 | T35: =IF(Q35<1,"Partial discharge,Low Temprature thermal fault,") -> Partial discharge,Low Temprature thermal fault, | U35: =IF(R35>1,"Thermal Fault <700c, thermal fault >700c ") -> Thermal Fault <700c, thermal fault >700c | V35: =IF(S35<1,"Partial discharge, Normal ",IF(S35>3,"Arching,Thermal Fault > 700 c")) -> Partial discharge, Normal | W35: =P35/O35 -> 0.4 | X35: =IFERROR(M35/H35," ") -> 2.103448276 | Y35: =IFERROR(O35/N35," ") -> 0.6084945844 | Z35: High Energy Discharge | AA35: =IF(X35<0.1,"Partial Discharges, ",IF(X35>1,"Thermal Fault >300c and<700 and >700 c")) -> Thermal Fault >300c and<700 and >700 c | AB35: thermal fault <300 c | AC35: =M35/H35 -> 2.103448276 | AD35: =IFERROR(P35/O35," ") -> 0.4 | AE35: =P35/M35 -> 0.1975113569 | AF35: =IFERROR(N35/P35," ") -> 4.1085 | AG35: =IF(AC35>1,"Thermal Decomposition, ",IF(AC35<0.1,"Corona,Arching")) -> Thermal Decomposition, | AH35: =IF(AD35<0.75,"Thermal Decomposition, ",IF(AD35>0.75,"Arching")) -> Thermal Decomposition, | AI35: =IF(AE35<0.3,"Thermal Decomposition,corona ",IF(AE35>0.3,"Arching")) -> Thermal Decomposition,corona | AJ35: =IF(AF35>0.4,"Thermal Decomposition,corona ",IF(AF35<0.4,"Arching")) -> Thermal Decomposition,corona
A36: 34 | B36: 172827(DIT000018) | C36: 10 MVA | D36: 33/11 KV | E36: MARSONS | F36: 2021 | G36: 8.1 | H36: 7 | I36: 14919.633 | J36: 64300.473 | K36: 53.784 | L36: 547.965 | M36: 9 | N36: 9 | O36: 9 | P36: 56 | Q36: =IFERROR(P36/O36," ") -> 6.222222222 | R36: =M36/H36 -> 1.285714286 | S36: =IFERROR(O36/N36," ") -> 1 | T36: Arching | U36: =IF(R36>1,"Thermal Fault <700c, thermal fault >700c ") -> Thermal Fault <700c, thermal fault >700c | V36: Low Temprature thermal Fault,Thermal Fault<700c | W36: =P36/O36 -> 6.222222222 | X36: =IFERROR(M36/H36," ") -> 1.285714286 | Y36: =IFERROR(O36/N36," ") -> 1 | Z36: =IF(W36>1,"Discharge of Low Energy, ",IF(W36<0.1,"Thermal Fault> 300c and<700 c")) -> Discharge of Low Energy, | AA36: =IF(X36<0.1,"Partial Discharges, ",IF(X36>1,"Thermal Fault >300c and<700 and >700 c")) -> Thermal Fault >300c and<700 and >700 c | AB36: thermal fault <300 c | AC36: =M36/H36 -> 1.285714286 | AD36: =IFERROR(P36/O36," ") -> 6.222222222 | AE36: =P36/M36 -> 6.222222222 | AF36: =IFERROR(N36/P36," ") -> 0.1607142857 | AG36: =IF(AC36>1,"Thermal Decomposition, ",IF(AC36<0.1,"Corona,Arching")) -> Thermal Decomposition, | AH36: =IF(AD36<0.75,"Thermal Decomposition, ",IF(AD36>0.75,"Arching")) -> Arching | AI36: =IF(AE36<0.3,"Thermal Decomposition,corona ",IF(AE36>0.3,"Arching")) -> Arching | AJ36: =IF(AF36>0.4,"Thermal Decomposition,corona ",IF(AF36<0.4,"Arching")) -> Arching
A37: 35 | B37: 172827 | C37: 10 MVA | D37: 33/11 KV | E37: RAJASTAN | F37: 2008 | G37: 8.5 | H37: 8.415 | I37: 15806.6 | J37: 66676.55 | K37: 160.395 | L37: 1769.955 | M37: 5.355 | N37: 7 | O37: 5 | P37: 78 | Q37: =IFERROR(P37/O37," ") -> 15.6 | R37: =M37/H37 -> 0.6363636364 | S37: =IFERROR(O37/N37," ") -> 0.7142857143 | T37: Arching | U37: =IF(R37<0.1, "Partial discharge", "Low temperature thermal ") -> Low temperature thermal | V37: =IF(S37<1,"Partial discharge, Normal ",IF(S37>3,"Arching,Thermal Fault > 700 c")) -> Partial discharge, Normal | W37: =P37/O37 -> 15.6 | X37: =IFERROR(M37/H37," ") -> 0.6363636364 | Y37: =IFERROR(O37/N37," ") -> 0.7142857143 | Z37: =IF(W37>1,"Discharge of Low Energy, ",IF(W37<0.1,"Thermal Fault> 300c and<700 c")) -> Discharge of Low Energy, | AA37: High Energy Discharge | AB37: thermal fault <300 c | AC37: =M37/H37 -> 0.6363636364 | AD37: =IFERROR(P37/O37," ") -> 15.6 | AE37: =P37/M37 -> 14.56582633 | AF37: =IFERROR(N37/P37," ") -> 0.08974358974 | AG37: Arching | AH37: =IF(AD37<0.75,"Thermal Decomposition, ",IF(AD37>0.75,"Arching")) -> Arching | AI37: =IF(AE37<0.3,"Thermal Decomposition,corona ",IF(AE37>0.3,"Arching")) -> Arching | AJ37: =IF(AF37>0.4,"Thermal Decomposition,corona ",IF(AF37<0.4,"Arching")) -> Arching
A38: 36 | B38: 172583 | C38: 10 MVA | D38: 33/11 KV | E38: RAJASTAN | F38: 2006 | G38: 8.2 | H38: 5.084 | I38: 14945.648 | J38: 64417.806 | K38: 166.87 | L38: 1974.478 | M38: 5.166 | N38: 7.298 | O38: 3.69 | P38: 8 | Q38: =IFERROR(P38/O38," ") -> 2.16802168 | R38: =M38/H38 -> 1.016129032 | S38: =IFERROR(O38/N38," ") -> 0.5056179775 | T38: Arching | U38: =IF(R38>1,"Thermal Fault <700c, thermal fault >700c ") -> Thermal Fault <700c, thermal fault >700c | V38: =IF(S38<1,"Partial discharge, Normal ",IF(S38>3,"Arching,Thermal Fault > 700 c")) -> Partial discharge, Normal | W38: =P38/O38 -> 2.16802168 | X38: =IFERROR(M38/H38," ") -> 1.016129032 | Y38: =IFERROR(O38/N38," ") -> 0.5056179775 | Z38: =IF(W38>1,"Discharge of Low Energy, ",IF(W38<0.1,"Thermal Fault> 300c and<700 c")) -> Discharge of Low Energy, | AA38: =IF(X38<0.1,"Partial Discharges, ",IF(X38>1,"Thermal Fault >300c and<700 and >700 c")) -> Thermal Fault >300c and<700 and >700 c | AB38: thermal fault <300 c | AC38: =M38/H38 -> 1.016129032 | AD38: =IFERROR(P38/O38," ") -> 2.16802168 | AE38: =P38/M38 -> 1.548586914 | AF38: =IFERROR(N38/P38," ") -> 0.91225 | AG38: =IF(AC38>1,"Thermal Decomposition, ",IF(AC38<0.1,"Corona,Arching")) -> Thermal Decomposition, | AH38: =IF(AD38<0.75,"Thermal Decomposition, ",IF(AD38>0.75,"Arching")) -> Arching | AI38: =IF(AE38<0.3,"Thermal Decomposition,corona ",IF(AE38>0.3,"Arching")) -> Arching | AJ38: =IF(AF38>0.4,"Thermal Decomposition,corona ",IF(AF38<0.4,"Arching")) -> Thermal Decomposition,corona
A39: 37 | B39: 109617(TIT0057147) | C39: 10 MVA | D39: 33/11 KV | E39: MARSONS | F39: 2021 | G39: 8.5 | H39: 1.275 | I39: 15541.74 | J39: 67965.405 | K39: 63.665 | L39: 654.245 | M39: 9 | N39: 11 | O39: 5 | P39: 9 | Q39: =IFERROR(P39/O39," ") -> 1.8 | R39: =M39/H39 -> 7.058823529 | S39: =IFERROR(O39/N39," ") -> 0.4545454545 | T39: Arching | U39: =IF(R39<0.1, "Partial discharge", "Low temperature thermal ") -> Low temperature thermal | V39: =IF(S39<1,"Partial discharge, Normal ",IF(S39>3,"Arching,Thermal Fault > 700 c")) -> Partial discharge, Normal | W39: =P39/O39 -> 1.8 | X39: =IFERROR(M39/H39," ") -> 7.058823529 | Y39: =IFERROR(O39/N39," ") -> 0.4545454545 | Z39: =IF(W39>1,"Discharge of Low Energy, ",IF(W39<0.1,"Thermal Fault> 300c and<700 c")) -> Discharge of Low Energy, | AA39: =IF(X39<0.1,"Partial Discharges, ",IF(X39>1,"Thermal Fault >300c and<700 and >700 c")) -> Thermal Fault >300c and<700 and >700 c | AB39: thermal fault <300 c | AC39: =M39/H39 -> 7.058823529 | AD39: =IFERROR(P39/O39," ") -> 1.8 | AE39: =P39/M39 -> 1 | AF39: =IFERROR(N39/P39," ") -> 1.222222222 | AG39: =IF(AC39>1,"Thermal Decomposition, ",IF(AC39<0.1,"Corona,Arching")) -> Thermal Decomposition, | AH39: =IF(AD39<0.75,"Thermal Decomposition, ",IF(AD39>0.75,"Arching")) -> Arching | AI39: =IF(AE39<0.3,"Thermal Decomposition,corona ",IF(AE39>0.3,"Arching")) -> Arching | AJ39: =IF(AF39>0.4,"Thermal Decomposition,corona ",IF(AF39<0.4,"Arching")) -> Thermal Decomposition,corona
A40: 38 | B40: 172521(DIT000064) | C40: 10 MVA | D40: 33/11 | E40: RAJSTHAN TRANSFORMER | F40: 2006 | G40: 8.3 | H40: 7.968 | I40: 15116.126 | J40: 64924.011 | K40: 163.925 | L40: 1848.908 | M40: 7.968 | N40: 2.988 | O40: 7 | P40: 5 | Q40: =IFERROR(P40/O40," ") -> 0.7142857143 | R40: =M40/H40 -> 1 | S40: =IFERROR(O40/N40," ") -> 2.34270415 | T40: =IF(Q40<1,"Partial discharge,Low Temprature thermal fault,") -> Partial discharge,Low Temprature thermal fault, | U40: Arching,Low temprature thermal fault | V40: Low Temprature thermal Fault,Thermal Fault<700c | W40: =P40/O40 -> 0.7142857143 | X40: =IFERROR(M40/H40," ") -> 1 | Y40: =IFERROR(O40/N40," ") -> 2.34270415 | Z40: High Energy Discharge | AA40: High Energy Discharge | AB40: =IF(Y40<0.2,"Partial Discharges, ",IF(Y40>1,"Thermal Fault >700 c")) -> Thermal Fault >700 c | AC40: =M40/H40 -> 1 | AD40: =IFERROR(P40/O40," ") -> 0.7142857143 | AE40: =P40/M40 -> 0.6275100402 | AF40: =IFERROR(N40/P40," ") -> 0.5976 | AG40: Arching | AH40: =IF(AD40<0.75,"Thermal Decomposition, ",IF(AD40>0.75,"Arching")) -> Thermal Decomposition, | AI40: =IF(AE40<0.3,"Thermal Decomposition,corona ",IF(AE40>0.3,"Arching")) -> Arching | AJ40: =IF(AF40>0.4,"Thermal Decomposition,corona ",IF(AF40<0.4,"Arching")) -> Thermal Decomposition,corona
A41: 39 | B41: DIT000072 | C41: 10 MVA | D41: 33/11 KV | E41: -- | F41: -- | G41: 8.2 | H41: 1.558 | I41: 15084.392 | J41: 64294.478 | K41: 141.696 | L41: 1555.048 | M41: 6 | N41: 8 | O41: 9 | P41: 34 | Q41: =IFERROR(P41/O41," ") -> 3.777777778 | R41: =M41/H41 -> 3.851091142 | S41: =IFERROR(O41/N41," ") -> 1.125 | T41: Arching | U41: =IF(R41<0.1, "Partial discharge", "Low temperature thermal ") -> Low temperature thermal | V41: Low Temprature thermal Fault,Thermal Fault<700c | W41: =P41/O41 -> 3.777777778 | X41: =IFERROR(M41/H41," ") -> 3.851091142 | Y41: =IFERROR(O41/N41," ") -> 1.125 | Z41: =IF(W41>1,"Discharge of Low Energy, ",IF(W41<0.1,"Thermal Fault> 300c and<700 c")) -> Discharge of Low Energy, | AA41: =IF(X41<0.1,"Partial Discharges, ",IF(X41>1,"Thermal Fault >300c and<700 and >700 c")) -> Thermal Fault >300c and<700 and >700 c | AB41: =IF(Y41<0.2,"Partial Discharges, ",IF(Y41>1,"Thermal Fault >700 c")) -> Thermal Fault >700 c | AC41: =M41/H41 -> 3.851091142 | AD41: =IFERROR(P41/O41," ") -> 3.777777778 | AE41: =P41/M41 -> 5.666666667 | AF41: =IFERROR(N41/P41," ") -> 0.2352941176 | AG41: =IF(AC41>1,"Thermal Decomposition, ",IF(AC41<0.1,"Corona,Arching")) -> Thermal Decomposition, | AH41: =IF(AD41<0.75,"Thermal Decomposition, ",IF(AD41>0.75,"Arching")) -> Arching | AI41: =IF(AE41<0.3,"Thermal Decomposition,corona ",IF(AE41>0.3,"Arching")) -> Arching | AJ41: =IF(AF41>0.4,"Thermal Decomposition,corona ",IF(AF41<0.4,"Arching")) -> Arching
A42: 40 | B42: 109396 | C42: 10 MVA | D42: 33/11 KV | E42: MARSONS | F42: 2020 | G42: 8.2 | H42: 4.018 | I42: 15194.108 | J42: 64724.158 | K42: 80.934 | L42: 976.784 | M42: 5 | N42: 9 | O42: 5 | P42: 56 | Q42: =IFERROR(P42/O42," ") -> 11.2 | R42: =M42/H42 -> 1.244400199 | S42: =IFERROR(O42/N42," ") -> 0.5555555556 | T42: Arching | U42: =IF(R42<0.1, "Partial discharge", "Low temperature thermal ") -> Low temperature thermal | V42: =IF(S42<1,"Partial discharge, Normal ",IF(S42>3,"Arching,Thermal Fault > 700 c")) -> Partial discharge, Normal | W42: =P42/O42 -> 11.2 | X42: =IFERROR(M42/H42," ") -> 1.244400199 | Y42: =IFERROR(O42/N42," ") -> 0.5555555556 | Z42: =IF(W42>1,"Discharge of Low Energy, ",IF(W42<0.1,"Thermal Fault> 300c and<700 c")) -> Discharge of Low Energy, | AA42: =IF(X42<0.1,"Partial Discharges, ",IF(X42>1,"Thermal Fault >300c and<700 and >700 c")) -> Thermal Fault >300c and<700 and >700 c | AB42: thermal fault <300 | AC42: =M42/H42 -> 1.244400199 | AD42: =IFERROR(P42/O42," ") -> 11.2 | AE42: =P42/M42 -> 11.2 | AF42: =IFERROR(N42/P42," ") -> 0.1607142857 | AG42: =IF(AC42>1,"Thermal Decomposition, ",IF(AC42<0.1,"Corona,Arching")) -> Thermal Decomposition, | AH42: =IF(AD42<0.75,"Thermal Decomposition, ",IF(AD42>0.75,"Arching")) -> Arching | AI42: =IF(AE42<0.3,"Thermal Decomposition,corona ",IF(AE42>0.3,"Arching")) -> Arching | AJ42: =IF(AF42>0.4,"Thermal Decomposition,corona ",IF(AF42<0.4,"Arching")) -> Arching
A43: 41 | B43: 103753 | C43: 10 MVA | D43: 33/11 KV | E43: MARSONS | F43: 2018 | G43: 8.5 | H43: 15.98 | I43: 15494.14 | J43: 66367.065 | K43: 238.17 | L43: 2236.095 | M43: 6.205 | N43: 5 | O43: 9 | P43: 78 | Q43: =IFERROR(P43/O43," ") -> 8.666666667 | R43: =M43/H43 -> 0.3882978723 | S43: =IFERROR(O43/N43," ") -> 1.8 | T43: Arching | U43: =IF(R43<0.1, "Partial discharge", "Low temperature thermal ") -> Low temperature thermal | V43: Low Temprature thermal Fault,Thermal Fault<700c | W43: =P43/O43 -> 8.666666667 | X43: =IFERROR(M43/H43," ") -> 0.3882978723 | Y43: =IFERROR(O43/N43," ") -> 1.8 | Z43: =IF(W43>1,"Discharge of Low Energy, ",IF(W43<0.1,"Thermal Fault> 300c and<700 c")) -> Discharge of Low Energy, | AA43: High Energy Discharge | AB43: =IF(Y43<0.2,"Partial Discharges, ",IF(Y43>1,"Thermal Fault >700 c")) -> Thermal Fault >700 c | AC43: =M43/H43 -> 0.3882978723 | AD43: =IFERROR(P43/O43," ") -> 8.666666667 | AE43: =P43/M43 -> 12.57050766 | AF43: =IFERROR(N43/P43," ") -> 0.0641025641 | AG43: Arching | AH43: =IF(AD43<0.75,"Thermal Decomposition, ",IF(AD43>0.75,"Arching")) -> Arching | AI43: =IF(AE43<0.3,"Thermal Decomposition,corona ",IF(AE43>0.3,"Arching")) -> Arching | AJ43: =IF(AF43>0.4,"Thermal Decomposition,corona ",IF(AF43<0.4,"Arching")) -> Arching
A44: 42 | B44: 96588 | C44: 10 MVA | D44: 33/11 KV | E44: MARSONS | F44: 2015 | G44: 8.1 | H44: 2.835 | I44: 15295.473 | J44: 60813.909 | K44: 406.863 | L44: 3858.273 | M44: 11.178 | N44: 7.371 | O44: 5 | P44: 45 | Q44: =IFERROR(P44/O44," ") -> 9 | R44: =M44/H44 -> 3.942857143 | S44: =IFERROR(O44/N44," ") -> 0.6783340117 | T44: Arching | U44: =IF(R44>1,"Thermal Fault <700c, thermal fault >700c ") -> Thermal Fault <700c, thermal fault >700c | V44: =IF(S44<1,"Partial discharge, Normal ",IF(S44>3,"Arching,Thermal Fault > 700 c")) -> Partial discharge, Normal | W44: =P44/O44 -> 9 | X44: =IFERROR(M44/H44," ") -> 3.942857143 | Y44: =IFERROR(O44/N44," ") -> 0.6783340117 | Z44: =IF(W44>1,"Discharge of Low Energy, ",IF(W44<0.1,"Thermal Fault> 300c and<700 c")) -> Discharge of Low Energy, | AA44: =IF(X44<0.1,"Partial Discharges, ",IF(X44>1,"Thermal Fault >300c and<700 and >700 c")) -> Thermal Fault >300c and<700 and >700 c | AB44: thermal fault <300 | AC44: =M44/H44 -> 3.942857143 | AD44: =IFERROR(P44/O44," ") -> 9 | AE44: =P44/M44 -> 4.025764895 | AF44: =IFERROR(N44/P44," ") -> 0.1638 | AG44: =IF(AC44>1,"Thermal Decomposition, ",IF(AC44<0.1,"Corona,Arching")) -> Thermal Decomposition, | AH44: =IF(AD44<0.75,"Thermal Decomposition, ",IF(AD44>0.75,"Arching")) -> Arching | AI44: =IF(AE44<0.3,"Thermal Decomposition,corona ",IF(AE44>0.3,"Arching")) -> Arching | AJ44: =IF(AF44>0.4,"Thermal Decomposition,corona ",IF(AF44<0.4,"Arching")) -> Arching
A45: 43 | B45: 109391 | C45: 10 MVA | D45: 33/11 KV | E45: MARSONS | F45: 2020 | G45: 8.4 | H45: 7.476 | I45: 15429.288 | J45: 66204.012 | K45: 115.164 | L45: 1180.788 | M45: 8 | N45: 11 | O45: 9 | P45: 23 | Q45: =IFERROR(P45/O45," ") -> 2.555555556 | R45: =M45/H45 -> 1.070090958 | S45: =IFERROR(O45/N45," ") -> 0.8181818182 | T45: Arching | U45: =IF(R45<0.1, "Partial discharge", "Low temperature thermal ") -> Low temperature thermal | V45: =IF(S45<1,"Partial discharge, Normal ",IF(S45>3,"Arching,Thermal Fault > 700 c")) -> Partial discharge, Normal | W45: =P45/O45 -> 2.555555556 | X45: =IFERROR(M45/H45," ") -> 1.070090958 | Y45: =IFERROR(O45/N45," ") -> 0.8181818182 | Z45: =IF(W45>1,"Discharge of Low Energy, ",IF(W45<0.1,"Thermal Fault> 300c and<700 c")) -> Discharge of Low Energy, | AA45: =IF(X45<0.1,"Partial Discharges, ",IF(X45>1,"Thermal Fault >300c and<700 and >700 c")) -> Thermal Fault >300c and<700 and >700 c | AB45: thermal fault <301 | AC45: =M45/H45 -> 1.070090958 | AD45: =IFERROR(P45/O45," ") -> 2.555555556 | AE45: =P45/M45 -> 2.875 | AF45: =IFERROR(N45/P45," ") -> 0.4782608696 | AG45: =IF(AC45>1,"Thermal Decomposition, ",IF(AC45<0.1,"Corona,Arching")) -> Thermal Decomposition, | AH45: =IF(AD45<0.75,"Thermal Decomposition, ",IF(AD45>0.75,"Arching")) -> Arching | AI45: =IF(AE45<0.3,"Thermal Decomposition,corona ",IF(AE45>0.3,"Arching")) -> Arching | AJ45: =IF(AF45>0.4,"Thermal Decomposition,corona ",IF(AF45<0.4,"Arching")) -> Thermal Decomposition,corona
A46: 44 | B46: 96587 | C46: 10 MVA | D46: 33/11 KV | E46: MARSONS | F46: 2015 | G46: 8.5 | H46: 4.59 | I46: 15529.16 | J46: 65268.78 | K46: 246.585 | L46: 2827.185 | M46: 7.565 | N46: 15 | O46: 5 | P46: 56 | Q46: =IFERROR(P46/O46," ") -> 11.2 | R46: =M46/H46 -> 1.648148148 | S46: =IFERROR(O46/N46," ") -> 0.3333333333 | T46: Arching | U46: =IF(R46>1,"Thermal Fault <700c, thermal fault >700c ") -> Thermal Fault <700c, thermal fault >700c | V46: =IF(S46<1,"Partial discharge, Normal ",IF(S46>3,"Arching,Thermal Fault > 700 c")) -> Partial discharge, Normal | W46: =P46/O46 -> 11.2 | X46: =IFERROR(M46/H46," ") -> 1.648148148 | Y46: =IFERROR(O46/N46," ") -> 0.3333333333 | Z46: =IF(W46>1,"Discharge of Low Energy, ",IF(W46<0.1,"Thermal Fault> 300c and<700 c")) -> Discharge of Low Energy, | AA46: =IF(X46<0.1,"Partial Discharges, ",IF(X46>1,"Thermal Fault >300c and<700 and >700 c")) -> Thermal Fault >300c and<700 and >700 c | AB46: thermal fault <302 | AC46: =M46/H46 -> 1.648148148 | AD46: =IFERROR(P46/O46," ") -> 11.2 | AE46: =P46/M46 -> 7.402511566 | AF46: =IFERROR(N46/P46," ") -> 0.2678571429 | AG46: =IF(AC46>1,"Thermal Decomposition, ",IF(AC46<0.1,"Corona,Arching")) -> Thermal Decomposition, | AH46: =IF(AD46<0.75,"Thermal Decomposition, ",IF(AD46>0.75,"Arching")) -> Arching | AI46: =IF(AE46<0.3,"Thermal Decomposition,corona ",IF(AE46>0.3,"Arching")) -> Arching | AJ46: =IF(AF46>0.4,"Thermal Decomposition,corona ",IF(AF46<0.4,"Arching")) -> Arching
A47: 45 | B47: A-0081910710007 | C47: 10 MVA | D47: 33/11 KV | E47: AE | F47: 2001 | G47: 8.2 | H47: 6.97 | I47: 14893.578 | J47: 63449.714 | K47: 228.452 | L47: 2317.484 | M47: 10.496 | N47: 7.872 | O47: 3.69 | P47: 4 | Q47: =IFERROR(P47/O47," ") -> 1.08401084 | R47: =M47/H47 -> 1.505882353 | S47: =IFERROR(O47/N47," ") -> 0.46875 | T47: Arching | U47: =IF(R47>1,"Thermal Fault <700c, thermal fault >700c ") -> Thermal Fault <700c, thermal fault >700c | V47: =IF(S47<1,"Partial discharge, Normal ",IF(S47>3,"Arching,Thermal Fault > 700 c")) -> Partial discharge, Normal | W47: =P47/O47 -> 1.08401084 | X47: =IFERROR(M47/H47," ") -> 1.505882353 | Y47: =IFERROR(O47/N47," ") -> 0.46875 | Z47: =IF(W47>1,"Discharge of Low Energy, ",IF(W47<0.1,"Thermal Fault> 300c and<700 c")) -> Discharge of Low Energy, | AA47: =IF(X47<0.1,"Partial Discharges, ",IF(X47>1,"Thermal Fault >300c and<700 and >700 c")) -> Thermal Fault >300c and<700 and >700 c | AB47: thermal fault <303 | AC47: =M47/H47 -> 1.505882353 | AD47: =IFERROR(P47/O47," ") -> 1.08401084 | AE47: =P47/M47 -> 0.381097561 | AF47: =IFERROR(N47/P47," ") -> 1.968 | AG47: =IF(AC47>1,"Thermal Decomposition, ",IF(AC47<0.1,"Corona,Arching")) -> Thermal Decomposition, | AH47: =IF(AD47<0.75,"Thermal Decomposition, ",IF(AD47>0.75,"Arching")) -> Arching | AI47: =IF(AE47<0.3,"Thermal Decomposition,corona ",IF(AE47>0.3,"Arching")) -> Arching | AJ47: =IF(AF47>0.4,"Thermal Decomposition,corona ",IF(AF47<0.4,"Arching")) -> Thermal Decomposition,corona
A48: 46 | B48: 10000000008 | C48: 10 MVA | D48: 33/11 KV | E48: PME | F48: 2003 | G48: 8.6 | H48: 1.892 | I48: 16321.51 | J48: 66716.736 | K48: 142.33 | L48: 1659.628 | M48: 15.91 | N48: 4.644 | O48: 42.57 | P48: 2 | Q48: =IFERROR(P48/O48," ") -> 0.04698144233 | R48: =M48/H48 -> 8.409090909 | S48: =IFERROR(O48/N48," ") -> 9.166666667 | T48: =IF(Q48<1,"Partial discharge,Low Temprature thermal fault,") -> Partial discharge,Low Temprature thermal fault, | U48: =IF(R48>1,"Thermal Fault <700c, thermal fault >700c ") -> Thermal Fault <700c, thermal fault >700c | V48: =IF(S48<1,"Partial discharge, Normal ",IF(S48>3,"Arching,Thermal Fault > 700 c")) -> Arching,Thermal Fault > 700 c | W48: =P48/O48 -> 0.04698144233 | X48: =IFERROR(M48/H48," ") -> 8.409090909 | Y48: =IFERROR(O48/N48," ") -> 9.166666667 | Z48: =IF(W48>1,"Discharge of Low Energy, ",IF(W48<0.1,"Thermal Fault> 300c and<700 c")) -> Thermal Fault> 300c and<700 c | AA48: =IF(X48<0.1,"Partial Discharges, ",IF(X48>1,"Thermal Fault >300c and<700 and >700 c")) -> Thermal Fault >300c and<700 and >700 c | AB48: =IF(Y48<0.2,"Partial Discharges, ",IF(Y48>1,"Thermal Fault >700 c")) -> Thermal Fault >700 c | AC48: =M48/H48 -> 8.409090909 | AD48: =IFERROR(P48/O48," ") -> 0.04698144233 | AE48: =P48/M48 -> 0.1257071025 | AF48: =IFERROR(N48/P48," ") -> 2.322 | AG48: =IF(AC48>1,"Thermal Decomposition, ",IF(AC48<0.1,"Corona,Arching")) -> Thermal Decomposition, | AH48: =IF(AD48<0.75,"Thermal Decomposition, ",IF(AD48>0.75,"Arching")) -> Thermal Decomposition, | AI48: =IF(AE48<0.3,"Thermal Decomposition,corona ",IF(AE48>0.3,"Arching")) -> Thermal Decomposition,corona | AJ48: =IF(AF48>0.4,"Thermal Decomposition,corona ",IF(AF48<0.4,"Arching")) -> Thermal Decomposition,corona
A49: 47 | B49: 172579 | C49: 10 MVA | D49: 33/11 KV | E49: RAJASTAN | F49: 2006 | G49: 8.3 | H49: 6.059 | I49: 15106.581 | J49: 65421.928 | K49: 139.523 | L49: 1423.118 | M49: 5.146 | N49: 5.893 | O49: 8 | P49: 4 | Q49: =IFERROR(P49/O49," ") -> 0.5 | R49: =M49/H49 -> 0.8493150685 | S49: =IFERROR(O49/N49," ") -> 1.357542847 | T49: =IF(Q49<1,"Partial discharge,Low Temprature thermal fault,") -> Partial discharge,Low Temprature thermal fault, | U49: Arching,Low temprature thermal fault | V49: Low Temprature thermal Fault,Thermal Fault<700c | W49: =P49/O49 -> 0.5 | X49: =IFERROR(M49/H49," ") -> 0.8493150685 | Y49: =IFERROR(O49/N49," ") -> 1.357542847 | Z49: High Energy Discharge | AA49: High Energy Discharge | AB49: =IF(Y49<0.2,"Partial Discharges, ",IF(Y49>1,"Thermal Fault >700 c")) -> Thermal Fault >700 c | AC49: =M49/H49 -> 0.8493150685 | AD49: =IFERROR(P49/O49," ") -> 0.5 | AE49: =P49/M49 -> 0.7773027594 | AF49: =IFERROR(N49/P49," ") -> 1.47325 | AG49: Arching | AH49: =IF(AD49<0.75,"Thermal Decomposition, ",IF(AD49>0.75,"Arching")) -> Thermal Decomposition, | AI49: =IF(AE49<0.3,"Thermal Decomposition,corona ",IF(AE49>0.3,"Arching")) -> Arching | AJ49: =IF(AF49>0.4,"Thermal Decomposition,corona ",IF(AF49<0.4,"Arching")) -> Thermal Decomposition,corona
A50: 48 | B50: 100000000023(DIT000069) | C50: 10 MVA | D50: 33/11 KV | E50: PME | F50: 2003 | G50: 8.3 | H50: 1.66 | I50: 14576.709 | J50: 65447.409 | K50: 182.766 | L50: 2046.033 | M50: 7.968 | N50: 11 | O50: 6.225 | P50: 1 | Q50: =IFERROR(P50/O50," ") -> 0.1606425703 | R50: =M50/H50 -> 4.8 | S50: =IFERROR(O50/N50," ") -> 0.5659090909 | T50: =IF(Q50<1,"Partial discharge,Low Temprature thermal fault,") -> Partial discharge,Low Temprature thermal fault, | U50: =IF(R50>1,"Thermal Fault <700c, thermal fault >700c ") -> Thermal Fault <700c, thermal fault >700c | V50: =IF(S50<1,"Partial discharge, Normal ",IF(S50>3,"Arching,Thermal Fault > 700 c")) -> Partial discharge, Normal | W50: =P50/O50 -> 0.1606425703 | X50: =IFERROR(M50/H50," ") -> 4.8 | Y50: =IFERROR(O50/N50," ") -> 0.5659090909 | Z50: High Energy Discharge | AA50: =IF(X50<0.1,"Partial Discharges, ",IF(X50>1,"Thermal Fault >300c and<700 and >700 c")) -> Thermal Fault >300c and<700 and >700 c | AB50: thermal fault <300 | AC50: =M50/H50 -> 4.8 | AD50: =IFERROR(P50/O50," ") -> 0.1606425703 | AE50: =P50/M50 -> 0.125502008 | AF50: =IFERROR(N50/P50," ") -> 11 | AG50: =IF(AC50>1,"Thermal Decomposition, ",IF(AC50<0.1,"Corona,Arching")) -> Thermal Decomposition, | AH50: =IF(AD50<0.75,"Thermal Decomposition, ",IF(AD50>0.75,"Arching")) -> Thermal Decomposition, | AI50: =IF(AE50<0.3,"Thermal Decomposition,corona ",IF(AE50>0.3,"Arching")) -> Thermal Decomposition,corona | AJ50: =IF(AF50>0.4,"Thermal Decomposition,corona ",IF(AF50<0.4,"Arching")) -> Thermal Decomposition,corona
A51: 49 | B51: 172582 | C51: 10 MVA | D51: 33/11 KV | E51: RAJSTHAN TRANSFORMER | F51: 2006 | G51: 8.2 | H51: 5.658 | I51: 14967.952 | J51: 64167.952 | K51: 164.082 | L51: 1747.83 | M51: 3.198 | N51: 14 | O51: 5.658 | P51: 5 | Q51: =IFERROR(P51/O51," ") -> 0.8837044892 | R51: =M51/H51 -> 0.5652173913 | S51: =IFERROR(O51/N51," ") -> 0.4041428571 | T51: =IF(Q51<1,"Partial discharge,Low Temprature thermal fault,") -> Partial discharge,Low Temprature thermal fault, | U51: Arching,Low temprature thermal fault | V51: =IF(S51<1,"Partial discharge, Normal ",IF(S51>3,"Arching,Thermal Fault > 700 c")) -> Partial discharge, Normal | W51: =P51/O51 -> 0.8837044892 | X51: =IFERROR(M51/H51," ") -> 0.5652173913 | Y51: =IFERROR(O51/N51," ") -> 0.4041428571 | Z51: High Energy Discharge | AA51: High Energy Discharge | AB51: thermal fault <300 | AC51: =M51/H51 -> 0.5652173913 | AD51: =IFERROR(P51/O51," ") -> 0.8837044892 | AE51: =P51/M51 -> 1.563477173 | AF51: =IFERROR(N51/P51," ") -> 2.8 | AG51: Arching | AH51: =IF(AD51<0.75,"Thermal Decomposition, ",IF(AD51>0.75,"Arching")) -> Arching | AI51: =IF(AE51<0.3,"Thermal Decomposition,corona ",IF(AE51>0.3,"Arching")) -> Arching | AJ51: =IF(AF51>0.4,"Thermal Decomposition,corona ",IF(AF51<0.4,"Arching")) -> Thermal Decomposition,corona
A52: 50 | B52: 172527 | C52: 10 MVA | D52: 33/11 KV | E52: RAJASTAN | F52: 2006 | G52: 8.2 | H52: 8.036 | I52: 15103.498 | J52: 64099.81 | K52: 178.76 | L52: 1813.43 | M52: 2.378 | N52: 5 | O52: 7.626 | P52: 2 | Q52: =IFERROR(P52/O52," ") -> 0.2622606871 | R52: =M52/H52 -> 0.2959183673 | S52: =IFERROR(O52/N52," ") -> 1.5252 | T52: =IF(Q52<1,"Partial discharge,Low Temprature thermal fault,") -> Partial discharge,Low Temprature thermal fault, | U52: Arching,Low temprature thermal fault | V52: Low Temprature thermal Fault,Thermal Fault<700c | W52: =P52/O52 -> 0.2622606871 | X52: =IFERROR(M52/H52," ") -> 0.2959183673 | Y52: =IFERROR(O52/N52," ") -> 1.5252 | Z52: High Energy Discharge | AA52: High Energy Discharge | AB52: =IF(Y52<0.2,"Partial Discharges, ",IF(Y52>1,"Thermal Fault >700 c")) -> Thermal Fault >700 c | AC52: =M52/H52 -> 0.2959183673 | AD52: =IFERROR(P52/O52," ") -> 0.2622606871 | AE52: =P52/M52 -> 0.8410428932 | AF52: =IFERROR(N52/P52," ") -> 2.5 | AG52: Arching | AH52: =IF(AD52<0.75,"Thermal Decomposition, ",IF(AD52>0.75,"Arching")) -> Thermal Decomposition, | AI52: =IF(AE52<0.3,"Thermal Decomposition,corona ",IF(AE52>0.3,"Arching")) -> Arching | AJ52: =IF(AF52>0.4,"Thermal Decomposition,corona ",IF(AF52<0.4,"Arching")) -> Thermal Decomposition,corona
A53: 51 | B53: 103755 | C53: 10 MVA | D53: 33/11 KV | E53: MARSONS | F53: 2018 | G53: 8.6 | H53: 7.568 | I53: 15732.324 | J53: 67972.766 | K53: 131.236 | L53: 1377.548 | M53: 9 | N53: 7 | O53: 8 | P53: 6 | Q53: =IFERROR(P53/O53," ") -> 0.75 | R53: =M53/H53 -> 1.189217759 | S53: =IFERROR(O53/N53," ") -> 1.142857143 | T53: =IF(Q53<1,"Partial discharge,Low Temprature thermal fault,") -> Partial discharge,Low Temprature thermal fault, | U53: Arching,Low temprature thermal fault | V53: Low Temprature thermal Fault,Thermal Fault<700c | W53: =P53/O53 -> 0.75 | X53: =IFERROR(M53/H53," ") -> 1.189217759 | Y53: =IFERROR(O53/N53," ") -> 1.142857143 | Z53: High Energy Discharge | AA53: =IF(X53<0.1,"Partial Discharges, ",IF(X53>1,"Thermal Fault >300c and<700 and >700 c")) -> Thermal Fault >300c and<700 and >700 c | AB53: =IF(Y53<0.2,"Partial Discharges, ",IF(Y53>1,"Thermal Fault >700 c")) -> Thermal Fault >700 c | AC53: =M53/H53 -> 1.189217759 | AD53: =IFERROR(P53/O53," ") -> 0.75 | AE53: =P53/M53 -> 0.6666666667 | AF53: =IFERROR(N53/P53," ") -> 1.166666667 | AG53: =IF(AC53>1,"Thermal Decomposition, ",IF(AC53<0.1,"Corona,Arching")) -> Thermal Decomposition, | AH53: Arching | AI53: =IF(AE53<0.3,"Thermal Decomposition,corona ",IF(AE53>0.3,"Arching")) -> Arching | AJ53: =IF(AF53>0.4,"Thermal Decomposition,corona ",IF(AF53<0.4,"Arching")) -> Thermal Decomposition,corona
A54: 52 | B54: 69544 | C54: 10 MVA | D54: 33/11 KV | E54: MARSONS | F54: 2012 | G54: 8.3 | H54: 7.968 | I54: 15116.707 | J54: 63337.881 | K54: 276.888 | L54: 3531.899 | M54: 3.735 | N54: 9 | O54: 9 | P54: 1 | Q54: =IFERROR(P54/O54," ") -> 0.1111111111 | R54: =M54/H54 -> 0.46875 | S54: =IFERROR(O54/N54," ") -> 1 | T54: =IF(Q54<1,"Partial discharge,Low Temprature thermal fault,") -> Partial discharge,Low Temprature thermal fault, | U54: =IF(R54<0.1, "Partial discharge", "Low temperature thermal ") -> Low temperature thermal | V54: Low Temprature thermal Fault,Thermal Fault<700c | W54: =P54/O54 -> 0.1111111111 | X54: =IFERROR(M54/H54," ") -> 0.46875 | Y54: =IFERROR(O54/N54," ") -> 1 | Z54: High Energy Discharge | AA54: High Energy Discharge | AB54: thermal fault <300 | AC54: =M54/H54 -> 0.46875 | AD54: =IFERROR(P54/O54," ") -> 0.1111111111 | AE54: =P54/M54 -> 0.2677376171 | AF54: =IFERROR(N54/P54," ") -> 9 | AG54: Arching | AH54: =IF(AD54<0.75,"Thermal Decomposition, ",IF(AD54>0.75,"Arching")) -> Thermal Decomposition, | AI54: =IF(AE54<0.3,"Thermal Decomposition,corona ",IF(AE54>0.3,"Arching")) -> Thermal Decomposition,corona | AJ54: =IF(AF54>0.4,"Thermal Decomposition,corona ",IF(AF54<0.4,"Arching")) -> Thermal Decomposition,corona
A55: 53 | B55: 109623(TIT005814) | C55: 10 MVA | D55: 33/11 KV | E55: MARSONS | F55: 2021 | G55: 8.2 | H55: 1.886 | I55: 15013.462 | J55: 65514.474 | K55: 70.11 | L55: 828.692 | M55: 6 | N55: 8 | O55: 5 | P55: 8 | Q55: =IFERROR(P55/O55," ") -> 1.6 | R55: =M55/H55 -> 3.181336161 | S55: =IFERROR(O55/N55," ") -> 0.625 | T55: Arching | U55: Arching,Low temprature thermal fault | V55: =IF(S55<1,"Partial discharge, Normal ",IF(S55>3,"Arching,Thermal Fault > 700 c")) -> Partial discharge, Normal | W55: =P55/O55 -> 1.6 | X55: =IFERROR(M55/H55," ") -> 3.181336161 | Y55: =IFERROR(O55/N55," ") -> 0.625 | Z55: =IF(W55>1,"Discharge of Low Energy, ",IF(W55<0.1,"Thermal Fault> 300c and<700 c")) -> Discharge of Low Energy, | AA55: =IF(X55<0.1,"Partial Discharges, ",IF(X55>1,"Thermal Fault >300c and<700 and >700 c")) -> Thermal Fault >300c and<700 and >700 c | AB55: thermal fault <300 | AC55: =M55/H55 -> 3.181336161 | AD55: =IFERROR(P55/O55," ") -> 1.6 | AE55: =P55/M55 -> 1.333333333 | AF55: =IFERROR(N55/P55," ") -> 1 | AG55: =IF(AC55>1,"Thermal Decomposition, ",IF(AC55<0.1,"Corona,Arching")) -> Thermal Decomposition, | AH55: =IF(AD55<0.75,"Thermal Decomposition, ",IF(AD55>0.75,"Arching")) -> Arching | AI55: =IF(AE55<0.3,"Thermal Decomposition,corona ",IF(AE55>0.3,"Arching")) -> Arching | AJ55: =IF(AF55>0.4,"Thermal Decomposition,corona ",IF(AF55<0.4,"Arching")) -> Thermal Decomposition,corona
A56: 54 | B56: 822804(DIT000094) | C56: 10 MVA | D56: 33/11 KV | E56: GEC | F56: 1982 | G56: 8.6 | H56: 11.008 | I56: 15990.496 | J56: 66990.302 | K56: 189.802 | L56: 2186.3522 | M56: 7.396 | N56: 7 | O56: 6 | P56: 5 | Q56: =IFERROR(P56/O56," ") -> 0.8333333333 | R56: =M56/H56 -> 0.671875 | S56: =IFERROR(O56/N56," ") -> 0.8571428571 | T56: =IF(Q56<1,"Partial discharge,Low Temprature thermal fault,") -> Partial discharge,Low Temprature thermal fault, | U56: =IF(R56<0.1, "Partial discharge", "Low temperature thermal ") -> Low temperature thermal | V56: =IF(S56<1,"Partial discharge, Normal ",IF(S56>3,"Arching,Thermal Fault > 700 c")) -> Partial discharge, Normal | W56: =P56/O56 -> 0.8333333333 | X56: =IFERROR(M56/H56," ") -> 0.671875 | Y56: =IFERROR(O56/N56," ") -> 0.8571428571 | Z56: High Energy Discharge | AA56: High Energy Discharge | AB56: thermal fault <300 | AC56: =M56/H56 -> 0.671875 | AD56: =IFERROR(P56/O56," ") -> 0.8333333333 | AE56: =P56/M56 -> 0.6760411033 | AF56: =IFERROR(N56/P56," ") -> 1.4 | AG56: Arching | AH56: =IF(AD56<0.75,"Thermal Decomposition, ",IF(AD56>0.75,"Arching")) -> Arching | AI56: =IF(AE56<0.3,"Thermal Decomposition,corona ",IF(AE56>0.3,"Arching")) -> Arching | AJ56: =IF(AF56>0.4,"Thermal Decomposition,corona ",IF(AF56<0.4,"Arching")) -> Thermal Decomposition,corona
A57: 55 | B57: I100133/002 | C57: 40 MVA | D57: 132/11 KV | E57: SIEMENS | F57: 2014 | G57: 8.2 | H57: 7.626 | I57: 15902.424 | J57: 63598.216 | K57: 115.21 | L57: 1150.214 | M57: 5.166 | N57: 6 | O57: 8 | P57: 8 | Q57: =IFERROR(P57/O57," ") -> 1 | R57: =M57/H57 -> 0.6774193548 | S57: =IFERROR(O57/N57," ") -> 1.333333333 | T57: Arching | U57: Arching,Low temprature thermal fault | V57: Low Temprature thermal Fault,Thermal Fault<700c | W57: =P57/O57 -> 1 | X57: =IFERROR(M57/H57," ") -> 0.6774193548 | Y57: =IFERROR(O57/N57," ") -> 1.333333333 | Z57: High Energy Discharge | AA57: High Energy Discharge | AB57: =IF(Y57<0.2,"Partial Discharges, ",IF(Y57>1,"Thermal Fault >700 c")) -> Thermal Fault >700 c | AC57: =M57/H57 -> 0.6774193548 | AD57: =IFERROR(P57/O57," ") -> 1 | AE57: =P57/M57 -> 1.548586914 | AF57: =IFERROR(N57/P57," ") -> 0.75 | AG57: Arching | AH57: =IF(AD57<0.75,"Thermal Decomposition, ",IF(AD57>0.75,"Arching")) -> Arching | AI57: =IF(AE57<0.3,"Thermal Decomposition,corona ",IF(AE57>0.3,"Arching")) -> Arching | AJ57: =IF(AF57>0.4,"Thermal Decomposition,corona ",IF(AF57<0.4,"Arching")) -> Thermal Decomposition,corona
A58: 56 | B58: I100133/001 | C58: 40 MVA | D58: 132/11 KV | E58: SIEMENS | F58: 2014 | G58: 8 | H58: 16.8 | I58: 14509.28 | J58: 63676.56 | K58: 93.68 | L58: 1194.4 | M58: 6.48 | N58: 12 | O58: 9 | P58: 3 | Q58: =IFERROR(P58/O58," ") -> 0.3333333333 | R58: =M58/H58 -> 0.3857142857 | S58: =IFERROR(O58/N58," ") -> 0.75 | T58: =IF(Q58<1,"Partial discharge,Low Temprature thermal fault,") -> Partial discharge,Low Temprature thermal fault, | U58: Arching,Low temprature thermal fault | V58: =IF(S58<1,"Partial discharge, Normal ",IF(S58>3,"Arching,Thermal Fault > 700 c")) -> Partial discharge, Normal | W58: =P58/O58 -> 0.3333333333 | X58: =IFERROR(M58/H58," ") -> 0.3857142857 | Y58: =IFERROR(O58/N58," ") -> 0.75 | Z58: High Energy Discharge | AA58: High Energy Discharge | AB58: thermal fault <300 | AC58: =M58/H58 -> 0.3857142857 | AD58: =IFERROR(P58/O58," ") -> 0.3333333333 | AE58: =P58/M58 -> 0.462962963 | AF58: =IFERROR(N58/P58," ") -> 4 | AG58: Arching | AH58: =IF(AD58<0.75,"Thermal Decomposition, ",IF(AD58>0.75,"Arching")) -> Thermal Decomposition, | AI58: =IF(AE58<0.3,"Thermal Decomposition,corona ",IF(AE58>0.3,"Arching")) -> Arching | AJ58: =IF(AF58>0.4,"Thermal Decomposition,corona ",IF(AF58<0.4,"Arching")) -> Thermal Decomposition,corona
A59: 57 | B59: 2800046137 | C59: 15 MVA | D59: 132/11 KV | E59: NGEF | F59: 1988 | G59: 8.5 | H59: 68.765 | I59: 16154.505 | J59: 66137.99 | K59: 136.935 | L59: 1543.43 | M59: 36.72 | N59: 5.525 | O59: 34 | P59: 9 | Q59: =IFERROR(P59/O59," ") -> 0.2647058824 | R59: =M59/H59 -> 0.5339925834 | S59: =IFERROR(O59/N59," ") -> 6.153846154 | T59: =IF(Q59<1,"Partial discharge,Low Temprature thermal fault,") -> Partial discharge,Low Temprature thermal fault, | U59: Arching,Low temprature thermal fault | V59: =IF(S59<1,"Partial discharge, Normal ",IF(S59>3,"Arching,Thermal Fault > 700 c")) -> Arching,Thermal Fault > 700 c | W59: =P59/O59 -> 0.2647058824 | X59: =IFERROR(M59/H59," ") -> 0.5339925834 | Y59: =IFERROR(O59/N59," ") -> 6.153846154 | Z59: High Energy Discharge | AA59: High Energy Discharge | AB59: =IF(Y59<0.2,"Partial Discharges, ",IF(Y59>1,"Thermal Fault >700 c")) -> Thermal Fault >700 c | AC59: =M59/H59 -> 0.5339925834 | AD59: =IFERROR(P59/O59," ") -> 0.2647058824 | AE59: =P59/M59 -> 0.2450980392 | AF59: =IFERROR(N59/P59," ") -> 0.6138888889 | AG59: Arching | AH59: =IF(AD59<0.75,"Thermal Decomposition, ",IF(AD59>0.75,"Arching")) -> Thermal Decomposition, | AI59: =IF(AE59<0.3,"Thermal Decomposition,corona ",IF(AE59>0.3,"Arching")) -> Thermal Decomposition,corona | AJ59: =IF(AF59>0.4,"Thermal Decomposition,corona ",IF(AF59<0.4,"Arching")) -> Thermal Decomposition,corona
A60: 58 | B60: 2800046135 | C60: 15 MVA | D60: 132/11 KV | E60: NGEF | F60: 1988 | G60: 8.5 | H60: 11.305 | I60: 15833.8 | J60: 67642.235 | K60: 75.48 | L60: 873.29 | M60: 5.865 | N60: 9 | O60: 3.825 | P60: 6 | Q60: =IFERROR(P60/O60," ") -> 1.568627451 | R60: =M60/H60 -> 0.5187969925 | S60: =IFERROR(O60/N60," ") -> 0.425 | T60: Arching | U60: Arching,Low temprature thermal fault | V60: =IF(S60<1,"Partial discharge, Normal ",IF(S60>3,"Arching,Thermal Fault > 700 c")) -> Partial discharge, Normal | W60: =P60/O60 -> 1.568627451 | X60: =IFERROR(M60/H60," ") -> 0.5187969925 | Y60: =IFERROR(O60/N60," ") -> 0.425 | Z60: =IF(W60>1,"Discharge of Low Energy, ",IF(W60<0.1,"Thermal Fault> 300c and<700 c")) -> Discharge of Low Energy, | AA60: High Energy Discharge | AB60: thermal fault <300 | AC60: =M60/H60 -> 0.5187969925 | AD60: =IFERROR(P60/O60," ") -> 1.568627451 | AE60: =P60/M60 -> 1.023017903 | AF60: =IFERROR(N60/P60," ") -> 1.5 | AG60: Arching | AH60: =IF(AD60<0.75,"Thermal Decomposition, ",IF(AD60>0.75,"Arching")) -> Arching | AI60: =IF(AE60<0.3,"Thermal Decomposition,corona ",IF(AE60>0.3,"Arching")) -> Arching | AJ60: =IF(AF60>0.4,"Thermal Decomposition,corona ",IF(AF60<0.4,"Arching")) -> Thermal Decomposition,corona
A61: 59 | B61: 2800046136 | C61: 15 MVA | D61: 132/11 KV | E61: NGEF | F61: 1988 | G61: 8.2 | H61: 6.97 | I61: 14974.512 | J61: 64423.464 | K61: 177.202 | L61: 1816.218 | M61: 8 | N61: 9 | O61: 6 | P61: 7 | Q61: =IFERROR(P61/O61," ") -> 1.166666667 | R61: =M61/H61 -> 1.147776184 | S61: =IFERROR(O61/N61," ") -> 0.6666666667 | T61: Arching | U61: =IF(R61<0.1, "Partial discharge", "Low temperature thermal ") -> Low temperature thermal | V61: =IF(S61<1,"Partial discharge, Normal ",IF(S61>3,"Arching,Thermal Fault > 700 c")) -> Partial discharge, Normal | W61: =P61/O61 -> 1.166666667 | X61: =IFERROR(M61/H61," ") -> 1.147776184 | Y61: =IFERROR(O61/N61," ") -> 0.6666666667 | Z61: =IF(W61>1,"Discharge of Low Energy, ",IF(W61<0.1,"Thermal Fault> 300c and<700 c")) -> Discharge of Low Energy, | AA61: =IF(X61<0.1,"Partial Discharges, ",IF(X61>1,"Thermal Fault >300c and<700 and >700 c")) -> Thermal Fault >300c and<700 and >700 c | AB61: thermal fault <300 | AC61: =M61/H61 -> 1.147776184 | AD61: =IFERROR(P61/O61," ") -> 1.166666667 | AE61: =P61/M61 -> 0.875 | AF61: =IFERROR(N61/P61," ") -> 1.285714286 | AG61: =IF(AC61>1,"Thermal Decomposition, ",IF(AC61<0.1,"Corona,Arching")) -> Thermal Decomposition, | AH61: =IF(AD61<0.75,"Thermal Decomposition, ",IF(AD61>0.75,"Arching")) -> Arching | AI61: =IF(AE61<0.3,"Thermal Decomposition,corona ",IF(AE61>0.3,"Arching")) -> Arching | AJ61: =IF(AF61>0.4,"Thermal Decomposition,corona ",IF(AF61<0.4,"Arching")) -> Thermal Decomposition,corona
A62: 60 | B62: 2800057667 | C62: 28 MVA | D62: 11/0.259 KV | E62: NGEF | F62: 1998 | G62: 8.4 | H62: 15.96 | I62: 15142.26 | J62: 64792.392 | K62: 261.072 | L62: 2690.016 | M62: 6.048 | N62: 9.66 | O62: 5.796 | P62: 5 | Q62: =IFERROR(P62/O62," ") -> 0.8626639061 | R62: =M62/H62 -> 0.3789473684 | S62: =IFERROR(O62/N62," ") -> 0.6 | T62: =IF(Q62<1,"Partial discharge,Low Temprature thermal fault,") -> Partial discharge,Low Temprature thermal fault, | U62: =IF(R62<0.1, "Partial discharge", "Low temperature thermal ") -> Low temperature thermal | V62: =IF(S62<1,"Partial discharge, Normal ",IF(S62>3,"Arching,Thermal Fault > 700 c")) -> Partial discharge, Normal | W62: =P62/O62 -> 0.8626639061 | X62: =IFERROR(M62/H62," ") -> 0.3789473684 | Y62: =IFERROR(O62/N62," ") -> 0.6 | Z62: High Energy Discharge | AA62: High Energy Discharge | AB62: thermal fault <300 | AC62: =M62/H62 -> 0.3789473684 | AD62: =IFERROR(P62/O62," ") -> 0.8626639061 | AE62: =P62/M62 -> 0.8267195767 | AF62: =IFERROR(N62/P62," ") -> 1.932 | AG62: Arching | AH62: =IF(AD62<0.75,"Thermal Decomposition, ",IF(AD62>0.75,"Arching")) -> Arching | AI62: =IF(AE62<0.3,"Thermal Decomposition,corona ",IF(AE62>0.3,"Arching")) -> Arching | AJ62: =IF(AF62>0.4,"Thermal Decomposition,corona ",IF(AF62<0.4,"Arching")) -> Thermal Decomposition,corona
A63: 61 | B63: HT-1597/12313 | C63: 28 MVA | D63: 11/0.259 KV | E63: EMCO | F63: 2004 | G63: 8.2 | H63: 5.904 | I63: 15859.292 | J63: 63578.454 | K63: 191.798 | L63: 1826.714 | M63: 4.346 | N63: 2.788 | O63: 9 | P63: 13 | Q63: =IFERROR(P63/O63," ") -> 1.444444444 | R63: =M63/H63 -> 0.7361111111 | S63: =IFERROR(O63/N63," ") -> 3.228120516 | T63: Arching | U63: Arching,Low temprature thermal fault | V63: =IF(S63<1,"Partial discharge, Normal ",IF(S63>3,"Arching,Thermal Fault > 700 c")) -> Arching,Thermal Fault > 700 c | W63: =P63/O63 -> 1.444444444 | X63: =IFERROR(M63/H63," ") -> 0.7361111111 | Y63: =IFERROR(O63/N63," ") -> 3.228120516 | Z63: =IF(W63>1,"Discharge of Low Energy, ",IF(W63<0.1,"Thermal Fault> 300c and<700 c")) -> Discharge of Low Energy, | AA63: High Energy Discharge | AB63: =IF(Y63<0.2,"Partial Discharges, ",IF(Y63>1,"Thermal Fault >700 c")) -> Thermal Fault >700 c | AC63: =M63/H63 -> 0.7361111111 | AD63: =IFERROR(P63/O63," ") -> 1.444444444 | AE63: =P63/M63 -> 2.991256328 | AF63: =IFERROR(N63/P63," ") -> 0.2144615385 | AG63: Arching | AH63: =IF(AD63<0.75,"Thermal Decomposition, ",IF(AD63>0.75,"Arching")) -> Arching | AI63: =IF(AE63<0.3,"Thermal Decomposition,corona ",IF(AE63>0.3,"Arching")) -> Arching | AJ63: =IF(AF63>0.4,"Thermal Decomposition,corona ",IF(AF63<0.4,"Arching")) -> Arching
A64: 62 | B64: 280004-9527 | C64: 15 MVA | D64: 11/125 | E64: NGEF | F64: 1989 | G64: 8.4 | H64: 1.596 | I64: 15757.308 | J64: 65320.92 | K64: 145.992 | L64: 1763.328 | M64: 5 | N64: 9 | O64: 8 | P64: 14 | Q64: =IFERROR(P64/O64," ") -> 1.75 | R64: =M64/H64 -> 3.13283208 | S64: =IFERROR(O64/N64," ") -> 0.8888888889 | T64: Arching | U64: =IF(R64<0.1, "Partial discharge", "Low temperature thermal ") -> Low temperature thermal | V64: =IF(S64<1,"Partial discharge, Normal ",IF(S64>3,"Arching,Thermal Fault > 700 c")) -> Partial discharge, Normal | W64: =P64/O64 -> 1.75 | X64: =IFERROR(M64/H64," ") -> 3.13283208 | Y64: =IFERROR(O64/N64," ") -> 0.8888888889 | Z64: =IF(W64>1,"Discharge of Low Energy, ",IF(W64<0.1,"Thermal Fault> 300c and<700 c")) -> Discharge of Low Energy, | AA64: =IF(X64<0.1,"Partial Discharges, ",IF(X64>1,"Thermal Fault >300c and<700 and >700 c")) -> Thermal Fault >300c and<700 and >700 c | AB64: thermal fault <300 | AC64: =M64/H64 -> 3.13283208 | AD64: =IFERROR(P64/O64," ") -> 1.75 | AE64: =P64/M64 -> 2.8 | AF64: =IFERROR(N64/P64," ") -> 0.6428571429 | AG64: =IF(AC64>1,"Thermal Decomposition, ",IF(AC64<0.1,"Corona,Arching")) -> Thermal Decomposition, | AH64: =IF(AD64<0.75,"Thermal Decomposition, ",IF(AD64>0.75,"Arching")) -> Arching | AI64: =IF(AE64<0.3,"Thermal Decomposition,corona ",IF(AE64>0.3,"Arching")) -> Arching | AJ64: =IF(AF64>0.4,"Thermal Decomposition,corona ",IF(AF64<0.4,"Arching")) -> Thermal Decomposition,corona
A65: 63 | B65: 2009726 | C65: 80 MVA | D65: 132/11.5 /6.9KV | E65: BHEL | F65: 1996 | G65: 8.5 | H65: 3.57 | I65: 15349.64 | J65: 66573.105 | K65: 208.165 | L65: 2072.555 | M65: 9.18 | N65: 2.635 | O65: 7 | P65: 8 | Q65: =IFERROR(P65/O65," ") -> 1.142857143 | R65: =M65/H65 -> 2.571428571 | S65: =IFERROR(O65/N65," ") -> 2.65654649 | T65: Arching | U65: =IF(R65>1,"Thermal Fault <700c, thermal fault >700c ") -> Thermal Fault <700c, thermal fault >700c | V65: Low Temprature thermal Fault,Thermal Fault<700c | W65: =P65/O65 -> 1.142857143 | X65: =IFERROR(M65/H65," ") -> 2.571428571 | Y65: =IFERROR(O65/N65," ") -> 2.65654649 | Z65: =IF(W65>1,"Discharge of Low Energy, ",IF(W65<0.1,"Thermal Fault> 300c and<700 c")) -> Discharge of Low Energy, | AA65: =IF(X65<0.1,"Partial Discharges, ",IF(X65>1,"Thermal Fault >300c and<700 and >700 c")) -> Thermal Fault >300c and<700 and >700 c | AB65: =IF(Y65<0.2,"Partial Discharges, ",IF(Y65>1,"Thermal Fault >700 c")) -> Thermal Fault >700 c | AC65: =M65/H65 -> 2.571428571 | AD65: =IFERROR(P65/O65," ") -> 1.142857143 | AE65: =P65/M65 -> 0.871459695 | AF65: =IFERROR(N65/P65," ") -> 0.329375 | AG65: =IF(AC65>1,"Thermal Decomposition, ",IF(AC65<0.1,"Corona,Arching")) -> Thermal Decomposition, | AH65: =IF(AD65<0.75,"Thermal Decomposition, ",IF(AD65>0.75,"Arching")) -> Arching | AI65: =IF(AE65<0.3,"Thermal Decomposition,corona ",IF(AE65>0.3,"Arching")) -> Arching | AJ65: =IF(AF65>0.4,"Thermal Decomposition,corona ",IF(AF65<0.4,"Arching")) -> Arching
A66: 64 | B66: T/16881/C-10047 | C66: 80 MVA | D66: 132/11.5 /6.9KV | E66: AREVA | F66: 2011 | G66: 8.5 | H66: 14.365 | I66: 15771.665 | J66: 66289.375 | K66: 170.34 | L66: 2155.43 | M66: 4.165 | N66: 6 | O66: 6 | P66: 10 | Q66: =IFERROR(P66/O66," ") -> 1.666666667 | R66: =M66/H66 -> 0.2899408284 | S66: =IFERROR(O66/N66," ") -> 1 | T66: Arching | U66: Arching,Low temprature thermal fault | V66: Low Temprature thermal Fault,Thermal Fault<700c | W66: =P66/O66 -> 1.666666667 | X66: =IFERROR(M66/H66," ") -> 0.2899408284 | Y66: =IFERROR(O66/N66," ") -> 1 | Z66: =IF(W66>1,"Discharge of Low Energy, ",IF(W66<0.1,"Thermal Fault> 300c and<700 c")) -> Discharge of Low Energy, | AA66: High Energy Discharge | AB66: thermal fault <300 | AC66: =M66/H66 -> 0.2899408284 | AD66: =IFERROR(P66/O66," ") -> 1.666666667 | AE66: =P66/M66 -> 2.400960384 | AF66: =IFERROR(N66/P66," ") -> 0.6 | AG66: Arching | AH66: =IF(AD66<0.75,"Thermal Decomposition, ",IF(AD66>0.75,"Arching")) -> Arching | AI66: =IF(AE66<0.3,"Thermal Decomposition,corona ",IF(AE66>0.3,"Arching")) -> Arching | AJ66: =IF(AF66>0.4,"Thermal Decomposition,corona ",IF(AF66<0.4,"Arching")) -> Thermal Decomposition,corona
A67: 65 | B67: 280049973 | C67: 15 MVA | D67: 132/11.5 KV | E67: NGEF | F67: 1989 | G67: 8.8 | H67: 6.952 | I67: 16446.32 | J67: 68836.152 | K67: 133.408 | L67: 1649.824 | M67: 8.008 | N67: 8 | O67: 8 | P67: 6 | Q67: =IFERROR(P67/O67," ") -> 0.75 | R67: =M67/H67 -> 1.151898734 | S67: =IFERROR(O67/N67," ") -> 1 | T67: =IF(Q67<1,"Partial discharge,Low Temprature thermal fault,") -> Partial discharge,Low Temprature thermal fault, | U67: =IF(R67>1,"Thermal Fault <700c, thermal fault >700c ") -> Thermal Fault <700c, thermal fault >700c | V67: Low Temprature thermal Fault,Thermal Fault<700c | W67: =P67/O67 -> 0.75 | X67: =IFERROR(M67/H67," ") -> 1.151898734 | Y67: =IFERROR(O67/N67," ") -> 1 | Z67: High Energy Discharge | AA67: =IF(X67<0.1,"Partial Discharges, ",IF(X67>1,"Thermal Fault >300c and<700 and >700 c")) -> Thermal Fault >300c and<700 and >700 c | AB67: thermal fault <300 | AC67: =M67/H67 -> 1.151898734 | AD67: =IFERROR(P67/O67," ") -> 0.75 | AE67: =P67/M67 -> 0.7492507493 | AF67: =IFERROR(N67/P67," ") -> 1.333333333 | AG67: =IF(AC67>1,"Thermal Decomposition, ",IF(AC67<0.1,"Corona,Arching")) -> Thermal Decomposition, | AH67: Arching | AI67: =IF(AE67<0.3,"Thermal Decomposition,corona ",IF(AE67>0.3,"Arching")) -> Arching | AJ67: =IF(AF67>0.4,"Thermal Decomposition,corona ",IF(AF67<0.4,"Arching")) -> Thermal Decomposition,corona
A68: 66 | B68: 120410 | C68: 50 MVA | D68: 132/11.5 KV | E68: TELK | F68: 1999 | G68: 8.5 | H68: 1.785 | I68: 16681.335 | J68: 64787.34 | K68: 262.99 | L68: 2541.585 | M68: 6.205 | N68: 9 | O68: 1.955 | P68: 8 | Q68: =IFERROR(P68/O68," ") -> 4.092071611 | R68: =M68/H68 -> 3.476190476 | S68: =IFERROR(O68/N68," ") -> 0.2172222222 | T68: Arching | U68: =IF(R68>1,"Thermal Fault <700c, thermal fault >700c ") -> Thermal Fault <700c, thermal fault >700c | V68: =IF(S68<1,"Partial discharge, Normal ",IF(S68>3,"Arching,Thermal Fault > 700 c")) -> Partial discharge, Normal | W68: =P68/O68 -> 4.092071611 | X68: =IFERROR(M68/H68," ") -> 3.476190476 | Y68: =IFERROR(O68/N68," ") -> 0.2172222222 | Z68: =IF(W68>1,"Discharge of Low Energy, ",IF(W68<0.1,"Thermal Fault> 300c and<700 c")) -> Discharge of Low Energy, | AA68: =IF(X68<0.1,"Partial Discharges, ",IF(X68>1,"Thermal Fault >300c and<700 and >700 c")) -> Thermal Fault >300c and<700 and >700 c | AB68: thermal fault <300 | AC68: =M68/H68 -> 3.476190476 | AD68: =IFERROR(P68/O68," ") -> 4.092071611 | AE68: =P68/M68 -> 1.289282836 | AF68: =IFERROR(N68/P68," ") -> 1.125 | AG68: =IF(AC68>1,"Thermal Decomposition, ",IF(AC68<0.1,"Corona,Arching")) -> Thermal Decomposition, | AH68: =IF(AD68<0.75,"Thermal Decomposition, ",IF(AD68>0.75,"Arching")) -> Arching | AI68: =IF(AE68<0.3,"Thermal Decomposition,corona ",IF(AE68>0.3,"Arching")) -> Arching | AJ68: =IF(AF68>0.4,"Thermal Decomposition,corona ",IF(AF68<0.4,"Arching")) -> Thermal Decomposition,corona
A69: 67 | B69: T-8667/1 | C69: 80 MVA | D69: 132/11.5 KV | E69: CG | F69: 1999 | G69: 8.2 | H69: 5.166 | I69: 16339.32 | J69: 63727.448 | K69: 93.152 | L69: 1151.772 | M69: 5.166 | N69: 4 | O69: 9 | P69: 4 | Q69: =IFERROR(P69/O69," ") -> 0.4444444444 | R69: =M69/H69 -> 1 | S69: =IFERROR(O69/N69," ") -> 2.25 | T69: =IF(Q69<1,"Partial discharge,Low Temprature thermal fault,") -> Partial discharge,Low Temprature thermal fault, | U69: Arching,Low temprature thermal fault | V69: Low Temprature thermal Fault,Thermal Fault<700c | W69: =P69/O69 -> 0.4444444444 | X69: =IFERROR(M69/H69," ") -> 1 | Y69: =IFERROR(O69/N69," ") -> 2.25 | Z69: High Energy Discharge | AA69: High Energy Discharge | AB69: =IF(Y69<0.2,"Partial Discharges, ",IF(Y69>1,"Thermal Fault >700 c")) -> Thermal Fault >700 c | AC69: =M69/H69 -> 1 | AD69: =IFERROR(P69/O69," ") -> 0.4444444444 | AE69: =P69/M69 -> 0.7742934572 | AF69: =IFERROR(N69/P69," ") -> 1 | AG69: Arching | AH69: =IF(AD69<0.75,"Thermal Decomposition, ",IF(AD69>0.75,"Arching")) -> Thermal Decomposition, | AI69: =IF(AE69<0.3,"Thermal Decomposition,corona ",IF(AE69>0.3,"Arching")) -> Arching | AJ69: =IF(AF69>0.4,"Thermal Decomposition,corona ",IF(AF69<0.4,"Arching")) -> Thermal Decomposition,corona
A70: 68 | B70: 6003936 | C70: 80 MVA | D70: 132/11.5 KV | E70: BHEL | F70: 1975 | G70: 8.5 | H70: 1.785 | I70: 16039.075 | J70: 66231.915 | K70: 129.795 | L70: 1493.28 | M70: 5.865 | N70: 7.565 | O70: 7 | P70: 12 | Q70: =IFERROR(P70/O70," ") -> 1.714285714 | R70: =M70/H70 -> 3.285714286 | S70: =IFERROR(O70/N70," ") -> 0.9253139458 | T70: Arching | U70: =IF(R70>1,"Thermal Fault <700c, thermal fault >700c ") -> Thermal Fault <700c, thermal fault >700c | V70: =IF(S70<1,"Partial discharge, Normal ",IF(S70>3,"Arching,Thermal Fault > 700 c")) -> Partial discharge, Normal | W70: =P70/O70 -> 1.714285714 | X70: =IFERROR(M70/H70," ") -> 3.285714286 | Y70: =IFERROR(O70/N70," ") -> 0.9253139458 | Z70: =IF(W70>1,"Discharge of Low Energy, ",IF(W70<0.1,"Thermal Fault> 300c and<700 c")) -> Discharge of Low Energy, | AA70: =IF(X70<0.1,"Partial Discharges, ",IF(X70>1,"Thermal Fault >300c and<700 and >700 c")) -> Thermal Fault >300c and<700 and >700 c | AB70: thermal fault <300 | AC70: =M70/H70 -> 3.285714286 | AD70: =IFERROR(P70/O70," ") -> 1.714285714 | AE70: =P70/M70 -> 2.046035806 | AF70: =IFERROR(N70/P70," ") -> 0.6304166667 | AG70: =IF(AC70>1,"Thermal Decomposition, ",IF(AC70<0.1,"Corona,Arching")) -> Thermal Decomposition, | AH70: =IF(AD70<0.75,"Thermal Decomposition, ",IF(AD70>0.75,"Arching")) -> Arching | AI70: =IF(AE70<0.3,"Thermal Decomposition,corona ",IF(AE70>0.3,"Arching")) -> Arching | AJ70: =IF(AF70>0.4,"Thermal Decomposition,corona ",IF(AF70<0.4,"Arching")) -> Thermal Decomposition,corona
A71: 69 | B71: 2012614 | C71: 80 MVA | D71: 132/11.5 KV | E71: BHEL | F71: 1999 | G71: 8.6 | H71: 9.374 | I71: 15729.658 | J71: 67789.242 | K71: 116.444 | L71: 1257.75 | M71: 17.114 | N71: 8 | O71: 26.23 | P71: 14 | Q71: =IFERROR(P71/O71," ") -> 0.5337399924 | R71: =M71/H71 -> 1.825688073 | S71: =IFERROR(O71/N71," ") -> 3.27875 | T71: =IF(Q71<1,"Partial discharge,Low Temprature thermal fault,") -> Partial discharge,Low Temprature thermal fault, | U71: =IF(R71>1,"Thermal Fault <700c, thermal fault >700c ") -> Thermal Fault <700c, thermal fault >700c | V71: =IF(S71<1,"Partial discharge, Normal ",IF(S71>3,"Arching,Thermal Fault > 700 c")) -> Arching,Thermal Fault > 700 c | W71: =P71/O71 -> 0.5337399924 | X71: =IFERROR(M71/H71," ") -> 1.825688073 | Y71: =IFERROR(O71/N71," ") -> 3.27875 | Z71: High Energy Discharge | AA71: =IF(X71<0.1,"Partial Discharges, ",IF(X71>1,"Thermal Fault >300c and<700 and >700 c")) -> Thermal Fault >300c and<700 and >700 c | AB71: =IF(Y71<0.2,"Partial Discharges, ",IF(Y71>1,"Thermal Fault >700 c")) -> Thermal Fault >700 c | AC71: =M71/H71 -> 1.825688073 | AD71: =IFERROR(P71/O71," ") -> 0.5337399924 | AE71: =P71/M71 -> 0.8180437069 | AF71: =IFERROR(N71/P71," ") -> 0.5714285714 | AG71: =IF(AC71>1,"Thermal Decomposition, ",IF(AC71<0.1,"Corona,Arching")) -> Thermal Decomposition, | AH71: =IF(AD71<0.75,"Thermal Decomposition, ",IF(AD71>0.75,"Arching")) -> Thermal Decomposition, | AI71: =IF(AE71<0.3,"Thermal Decomposition,corona ",IF(AE71>0.3,"Arching")) -> Arching | AJ71: =IF(AF71>0.4,"Thermal Decomposition,corona ",IF(AF71<0.4,"Arching")) -> Thermal Decomposition,corona
A72: 70 | B72: TR-6650 B-30051 | C72: 50 MVA | D72: 132/11.5 KV | E72: AREVA | F72: 2006 | G72: 8.2 | H72: 12.71 | I72: 14969.51 | J72: 65471.178 | K72: 95.612 | L72: 940.458 | M72: 10 | N72: 11 | O72: 8 | P72: 6 | Q72: =IFERROR(P72/O72," ") -> 0.75 | R72: =M72/H72 -> 0.7867820614 | S72: =IFERROR(O72/N72," ") -> 0.7272727273 | T72: =IF(Q72<1,"Partial discharge,Low Temprature thermal fault,") -> Partial discharge,Low Temprature thermal fault, | U72: Arching,Low temprature thermal fault | V72: =IF(S72<1,"Partial discharge, Normal ",IF(S72>3,"Arching,Thermal Fault > 700 c")) -> Partial discharge, Normal | W72: =P72/O72 -> 0.75 | X72: =IFERROR(M72/H72," ") -> 0.7867820614 | Y72: =IFERROR(O72/N72," ") -> 0.7272727273 | Z72: High Energy Discharge | AA72: High Energy Discharge | AB72: thermal fault <300 | AC72: =M72/H72 -> 0.7867820614 | AD72: =IFERROR(P72/O72," ") -> 0.75 | AE72: =P72/M72 -> 0.6 | AF72: =IFERROR(N72/P72," ") -> 1.833333333 | AG72: Arching | AH72: =IF(AD72<0.75,"Thermal Decomposition, ",IF(AD72>0.75,"Arching")) -> FALSE | AI72: =IF(AE72<0.3,"Thermal Decomposition,corona ",IF(AE72>0.3,"Arching")) -> Arching | AJ72: =IF(AF72>0.4,"Thermal Decomposition,corona ",IF(AF72<0.4,"Arching")) -> Thermal Decomposition,corona
A73: 71 | B73: 2010654 | C73: 50 MVA | D73: 132/11.5 KV | E73: BHEL | F73: 1997 | G73: 8.8 | H73: 1.848 | I73: 16360.608 | J73: 68880.856 | K73: 139.744 | L73: 1453.584 | M73: 5.544 | N73: 10 | O73: 3.784 | P73: 8 | Q73: =IFERROR(P73/O73," ") -> 2.114164905 | R73: =M73/H73 -> 3 | S73: =IFERROR(O73/N73," ") -> 0.3784 | T73: Arching | U73: =IF(R73>1,"Thermal Fault <700c, thermal fault >700c ") -> Thermal Fault <700c, thermal fault >700c | V73: =IF(S73<1,"Partial discharge, Normal ",IF(S73>3,"Arching,Thermal Fault > 700 c")) -> Partial discharge, Normal | W73: =P73/O73 -> 2.114164905 | X73: =IFERROR(M73/H73," ") -> 3 | Y73: =IFERROR(O73/N73," ") -> 0.3784 | Z73: =IF(W73>1,"Discharge of Low Energy, ",IF(W73<0.1,"Thermal Fault> 300c and<700 c")) -> Discharge of Low Energy, | AA73: =IF(X73<0.1,"Partial Discharges, ",IF(X73>1,"Thermal Fault >300c and<700 and >700 c")) -> Thermal Fault >300c and<700 and >700 c | AB73: thermal fault <300 | AC73: =M73/H73 -> 3 | AD73: =IFERROR(P73/O73," ") -> 2.114164905 | AE73: =P73/M73 -> 1.443001443 | AF73: =IFERROR(N73/P73," ") -> 1.25 | AG73: =IF(AC73>1,"Thermal Decomposition, ",IF(AC73<0.1,"Corona,Arching")) -> Thermal Decomposition, | AH73: =IF(AD73<0.75,"Thermal Decomposition, ",IF(AD73>0.75,"Arching")) -> Arching | AI73: =IF(AE73<0.3,"Thermal Decomposition,corona ",IF(AE73>0.3,"Arching")) -> Arching | AJ73: =IF(AF73>0.4,"Thermal Decomposition,corona ",IF(AF73<0.4,"Arching")) -> Thermal Decomposition,corona
A74: 72 | B74: 2010655 | C74: 50 MVA | D74: 132/11.5 KV | E74: BHEL | F74: 1997 | G74: 8.2 | H74: 7.626 | I74: 15475.942 | J74: 64339.168 | K74: 145.632 | L74: 1579.894 | M74: 7.872 | N74: 3.034 | O74: 9 | P74: 5 | Q74: =IFERROR(P74/O74," ") -> 0.5555555556 | R74: =M74/H74 -> 1.032258065 | S74: =IFERROR(O74/N74," ") -> 2.966381015 | T74: =IF(Q74<1,"Partial discharge,Low Temprature thermal fault,") -> Partial discharge,Low Temprature thermal fault, | U74: =IF(R74>1,"Thermal Fault <700c, thermal fault >700c ") -> Thermal Fault <700c, thermal fault >700c | V74: Low Temprature thermal Fault,Thermal Fault<700c | W74: =P74/O74 -> 0.5555555556 | X74: =IFERROR(M74/H74," ") -> 1.032258065 | Y74: =IFERROR(O74/N74," ") -> 2.966381015 | Z74: High Energy Discharge | AA74: =IF(X74<0.1,"Partial Discharges, ",IF(X74>1,"Thermal Fault >300c and<700 and >700 c")) -> Thermal Fault >300c and<700 and >700 c | AB74: =IF(Y74<0.2,"Partial Discharges, ",IF(Y74>1,"Thermal Fault >700 c")) -> Thermal Fault >700 c | AC74: =M74/H74 -> 1.032258065 | AD74: =IFERROR(P74/O74," ") -> 0.5555555556 | AE74: =P74/M74 -> 0.6351626016 | AF74: =IFERROR(N74/P74," ") -> 0.6068 | AG74: =IF(AC74>1,"Thermal Decomposition, ",IF(AC74<0.1,"Corona,Arching")) -> Thermal Decomposition, | AH74: =IF(AD74<0.75,"Thermal Decomposition, ",IF(AD74>0.75,"Arching")) -> Thermal Decomposition, | AI74: =IF(AE74<0.3,"Thermal Decomposition,corona ",IF(AE74>0.3,"Arching")) -> Arching | AJ74: =IF(AF74>0.4,"Thermal Decomposition,corona ",IF(AF74<0.4,"Arching")) -> Thermal Decomposition,corona
A75: 73 | B75: 2010653 | C75: 16 MVA | D75: 11.5/6.9 KV | E75: BHEL | F75: 1997 | G75: 8.7 | H75: 6.003 | I75: 16578.459 | J75: 68655.963 | K75: 99.006 | L75: 1010.592 | M75: 6.612 | N75: 7 | O75: 2.523 | P75: 7 | Q75: =IFERROR(P75/O75," ") -> 2.774474832 | R75: =M75/H75 -> 1.101449275 | S75: =IFERROR(O75/N75," ") -> 0.3604285714 | T75: Arching | U75: =IF(R75>1,"Thermal Fault <700c, thermal fault >700c ") -> Thermal Fault <700c, thermal fault >700c | V75: =IF(S75<1,"Partial discharge, Normal ",IF(S75>3,"Arching,Thermal Fault > 700 c")) -> Partial discharge, Normal | W75: =P75/O75 -> 2.774474832 | X75: =IFERROR(M75/H75," ") -> 1.101449275 | Y75: =IFERROR(O75/N75," ") -> 0.3604285714 | Z75: =IF(W75>1,"Discharge of Low Energy, ",IF(W75<0.1,"Thermal Fault> 300c and<700 c")) -> Discharge of Low Energy, | AA75: =IF(X75<0.1,"Partial Discharges, ",IF(X75>1,"Thermal Fault >300c and<700 and >700 c")) -> Thermal Fault >300c and<700 and >700 c | AB75: thermal fault <300 | AC75: =M75/H75 -> 1.101449275 | AD75: =IFERROR(P75/O75," ") -> 2.774474832 | AE75: =P75/M75 -> 1.058681186 | AF75: =IFERROR(N75/P75," ") -> 1 | AG75: =IF(AC75>1,"Thermal Decomposition, ",IF(AC75<0.1,"Corona,Arching")) -> Thermal Decomposition, | AH75: =IF(AD75<0.75,"Thermal Decomposition, ",IF(AD75>0.75,"Arching")) -> Arching | AI75: =IF(AE75<0.3,"Thermal Decomposition,corona ",IF(AE75>0.3,"Arching")) -> Arching | AJ75: =IF(AF75>0.4,"Thermal Decomposition,corona ",IF(AF75<0.4,"Arching")) -> Thermal Decomposition,corona
A76: 74 | B76: 2010652 | C76: 16 MVA | D76: 11.5/6.9 KV | E76: BHEL | F76: 1997 | G76: 8 | H76: 4.72 | I76: 15233.76 | J76: 62455.04 | K76: 115.92 | L76: 1075.04 | M76: 5.44 | N76: 8 | O76: 5 | P76: 8 | Q76: =IFERROR(P76/O76," ") -> 1.6 | R76: =M76/H76 -> 1.152542373 | S76: =IFERROR(O76/N76," ") -> 0.625 | T76: Arching | U76: =IF(R76>1,"Thermal Fault <700c, thermal fault >700c ") -> Thermal Fault <700c, thermal fault >700c | V76: =IF(S76<1,"Partial discharge, Normal ",IF(S76>3,"Arching,Thermal Fault > 700 c")) -> Partial discharge, Normal | W76: =P76/O76 -> 1.6 | X76: =IFERROR(M76/H76," ") -> 1.152542373 | Y76: =IFERROR(O76/N76," ") -> 0.625 | Z76: =IF(W76>1,"Discharge of Low Energy, ",IF(W76<0.1,"Thermal Fault> 300c and<700 c")) -> Discharge of Low Energy, | AA76: =IF(X76<0.1,"Partial Discharges, ",IF(X76>1,"Thermal Fault >300c and<700 and >700 c")) -> Thermal Fault >300c and<700 and >700 c | AB76: thermal fault <300 | AC76: =M76/H76 -> 1.152542373 | AD76: =IFERROR(P76/O76," ") -> 1.6 | AE76: =P76/M76 -> 1.470588235 | AF76: =IFERROR(N76/P76," ") -> 1 | AG76: =IF(AC76>1,"Thermal Decomposition, ",IF(AC76<0.1,"Corona,Arching")) -> Thermal Decomposition, | AH76: =IF(AD76<0.75,"Thermal Decomposition, ",IF(AD76>0.75,"Arching")) -> Arching | AI76: =IF(AE76<0.3,"Thermal Decomposition,corona ",IF(AE76>0.3,"Arching")) -> Arching | AJ76: =IF(AF76>0.4,"Thermal Decomposition,corona ",IF(AF76<0.4,"Arching")) -> Thermal Decomposition,corona
A77: 75 | B77: 5092/1 | C77: 50 MVA | D77: 132/11.5 KV | E77: BBL | F77: 2009 | G77: 8.5 | H77: 15.045 | I77: 15660.655 | J77: 65578.18 | K77: 194.735 | L77: 2535.72 | M77: 10.88 | N77: 9 | O77: 8 | P77: 12 | Q77: =IFERROR(P77/O77," ") -> 1.5 | R77: =M77/H77 -> 0.7231638418 | S77: =IFERROR(O77/N77," ") -> 0.8888888889 | T77: Arching | U77: Arching,Low temprature thermal fault | V77: =IF(S77<1,"Partial discharge, Normal ",IF(S77>3,"Arching,Thermal Fault > 700 c")) -> Partial discharge, Normal | W77: =P77/O77 -> 1.5 | X77: =IFERROR(M77/H77," ") -> 0.7231638418 | Y77: =IFERROR(O77/N77," ") -> 0.8888888889 | Z77: =IF(W77>1,"Discharge of Low Energy, ",IF(W77<0.1,"Thermal Fault> 300c and<700 c")) -> Discharge of Low Energy, | AA77: High Energy Discharge | AB77: thermal fault <300 | AC77: =M77/H77 -> 0.7231638418 | AD77: =IFERROR(P77/O77," ") -> 1.5 | AE77: =P77/M77 -> 1.102941176 | AF77: =IFERROR(N77/P77," ") -> 0.75 | AG77: Arching | AH77: =IF(AD77<0.75,"Thermal Decomposition, ",IF(AD77>0.75,"Arching")) -> Arching | AI77: =IF(AE77<0.3,"Thermal Decomposition,corona ",IF(AE77>0.3,"Arching")) -> Arching | AJ77: =IF(AF77>0.4,"Thermal Decomposition,corona ",IF(AF77<0.4,"Arching")) -> Thermal Decomposition,corona
A78: 76 | B78: 5092/2 | C78: 50 MVA | D78: 132/11.5 KV | E78: BBL | F78: 2009 | G78: 8.4 | H78: 130.2 | I78: 15525.636 | J78: 64733.676 | K78: 169.176 | L78: 2978.304 | M78: 24.276 | N78: 5 | O78: 8 | P78: 22 | Q78: =IFERROR(P78/O78," ") -> 2.75 | R78: =M78/H78 -> 0.1864516129 | S78: =IFERROR(O78/N78," ") -> 1.6 | T78: Arching | U78: Arching,Low temprature thermal fault | V78: Low Temprature thermal Fault,Thermal Fault<700c | W78: =P78/O78 -> 2.75 | X78: =IFERROR(M78/H78," ") -> 0.1864516129 | Y78: =IFERROR(O78/N78," ") -> 1.6 | Z78: =IF(W78>1,"Discharge of Low Energy, ",IF(W78<0.1,"Thermal Fault> 300c and<700 c")) -> Discharge of Low Energy, | AA78: High Energy Discharge | AB78: =IF(Y78<0.2,"Partial Discharges, ",IF(Y78>1,"Thermal Fault >700 c")) -> Thermal Fault >700 c | AC78: =M78/H78 -> 0.1864516129 | AD78: =IFERROR(P78/O78," ") -> 2.75 | AE78: =P78/M78 -> 0.9062448509 | AF78: =IFERROR(N78/P78," ") -> 0.2272727273 | AG78: Arching | AH78: =IF(AD78<0.75,"Thermal Decomposition, ",IF(AD78>0.75,"Arching")) -> Arching | AI78: =IF(AE78<0.3,"Thermal Decomposition,corona ",IF(AE78>0.3,"Arching")) -> Arching | AJ78: =IF(AF78>0.4,"Thermal Decomposition,corona ",IF(AF78<0.4,"Arching")) -> Arching
A79: 77 | B79: 21327/1 | C79: 16 MVA | D79: 11/6.9 KV | E79: VOLTAMP | F79: 2009 | G79: 8.2 | H79: 5.658 | I79: 15029.124 | J79: 64151.224 | K79: 155.308 | L79: 1608.512 | M79: 7.954 | N79: 6 | O79: 5.658 | P79: 9 | Q79: =IFERROR(P79/O79," ") -> 1.590668081 | R79: =M79/H79 -> 1.405797101 | S79: =IFERROR(O79/N79," ") -> 0.943 | T79: Arching | U79: =IF(R79>1,"Thermal Fault <700c, thermal fault >700c ") -> Thermal Fault <700c, thermal fault >700c | V79: =IF(S79<1,"Partial discharge, Normal ",IF(S79>3,"Arching,Thermal Fault > 700 c")) -> Partial discharge, Normal | W79: =P79/O79 -> 1.590668081 | X79: =IFERROR(M79/H79," ") -> 1.405797101 | Y79: =IFERROR(O79/N79," ") -> 0.943 | Z79: =IF(W79>1,"Discharge of Low Energy, ",IF(W79<0.1,"Thermal Fault> 300c and<700 c")) -> Discharge of Low Energy, | AA79: =IF(X79<0.1,"Partial Discharges, ",IF(X79>1,"Thermal Fault >300c and<700 and >700 c")) -> Thermal Fault >300c and<700 and >700 c | AB79: thermal fault <300c | AC79: =M79/H79 -> 1.405797101 | AD79: =IFERROR(P79/O79," ") -> 1.590668081 | AE79: =P79/M79 -> 1.13150616 | AF79: =IFERROR(N79/P79," ") -> 0.6666666667 | AG79: =IF(AC79>1,"Thermal Decomposition, ",IF(AC79<0.1,"Corona,Arching")) -> Thermal Decomposition, | AH79: =IF(AD79<0.75,"Thermal Decomposition, ",IF(AD79>0.75,"Arching")) -> Arching | AI79: =IF(AE79<0.3,"Thermal Decomposition,corona ",IF(AE79>0.3,"Arching")) -> Arching | AJ79: =IF(AF79>0.4,"Thermal Decomposition,corona ",IF(AF79<0.4,"Arching")) -> Thermal Decomposition,corona
A80: 78 | B80: 21327/2 | C80: 16 MVA | D80: 11/6.9 KV | E80: VOLTAMP | F80: 2009 | G80: 8.5 | H80: 2.465 | I80: 15773.62 | J80: 66084.355 | K80: 161.075 | L80: 1835.405 | M80: 9.18 | N80: 11 | O80: 9 | P80: 6 | Q80: =IFERROR(P80/O80," ") -> 0.6666666667 | R80: =M80/H80 -> 3.724137931 | S80: =IFERROR(O80/N80," ") -> 0.8181818182 | T80: =IF(Q80<1,"Partial discharge,Low Temprature thermal fault,") -> Partial discharge,Low Temprature thermal fault, | U80: =IF(R80>1,"Thermal Fault <700c, thermal fault >700c ") -> Thermal Fault <700c, thermal fault >700c | V80: =IF(S80<1,"Partial discharge, Normal ",IF(S80>3,"Arching,Thermal Fault > 700 c")) -> Partial discharge, Normal | W80: =P80/O80 -> 0.6666666667 | X80: =IFERROR(M80/H80," ") -> 3.724137931 | Y80: =IFERROR(O80/N80," ") -> 0.8181818182 | Z80: High Energy Discharge | AA80: =IF(X80<0.1,"Partial Discharges, ",IF(X80>1,"Thermal Fault >300c and<700 and >700 c")) -> Thermal Fault >300c and<700 and >700 c | AB80: thermal fault <300 | AC80: =M80/H80 -> 3.724137931 | AD80: =IFERROR(P80/O80," ") -> 0.6666666667 | AE80: =P80/M80 -> 0.6535947712 | AF80: =IFERROR(N80/P80," ") -> 1.833333333 | AG80: =IF(AC80>1,"Thermal Decomposition, ",IF(AC80<0.1,"Corona,Arching")) -> Thermal Decomposition, | AH80: =IF(AD80<0.75,"Thermal Decomposition, ",IF(AD80>0.75,"Arching")) -> Thermal Decomposition, | AI80: =IF(AE80<0.3,"Thermal Decomposition,corona ",IF(AE80>0.3,"Arching")) -> Arching | AJ80: =IF(AF80>0.4,"Thermal Decomposition,corona ",IF(AF80<0.4,"Arching")) -> Thermal Decomposition,corona
A81: 79 | B81: 21327/3 | C81: 16 MVA | D81: 11/6.9 KV | E81: VOLTAMP | F81: 2010 | G81: 8.5 | H81: 6.375 | I81: 16343.375 | J81: 66314.365 | K81: 124.355 | L81: 1433.78 | M81: 8.415 | N81: 16 | O81: 7 | P81: 7 | Q81: =IFERROR(P81/O81," ") -> 1 | R81: =M81/H81 -> 1.32 | S81: =IFERROR(O81/N81," ") -> 0.4375 | T81: Arching | U81: =IF(R81>1,"Thermal Fault <700c, thermal fault >700c ") -> Thermal Fault <700c, thermal fault >700c | V81: =IF(S81<1,"Partial discharge, Normal ",IF(S81>3,"Arching,Thermal Fault > 700 c")) -> Partial discharge, Normal | W81: =P81/O81 -> 1 | X81: =IFERROR(M81/H81," ") -> 1.32 | Y81: =IFERROR(O81/N81," ") -> 0.4375 | Z81: High Energy Discharge | AA81: =IF(X81<0.1,"Partial Discharges, ",IF(X81>1,"Thermal Fault >300c and<700 and >700 c")) -> Thermal Fault >300c and<700 and >700 c | AB81: thermal fault <300 | AC81: =M81/H81 -> 1.32 | AD81: =IFERROR(P81/O81," ") -> 1 | AE81: =P81/M81 -> 0.8318478907 | AF81: =IFERROR(N81/P81," ") -> 2.285714286 | AG81: =IF(AC81>1,"Thermal Decomposition, ",IF(AC81<0.1,"Corona,Arching")) -> Thermal Decomposition, | AH81: =IF(AD81<0.75,"Thermal Decomposition, ",IF(AD81>0.75,"Arching")) -> Arching | AI81: =IF(AE81<0.3,"Thermal Decomposition,corona ",IF(AE81>0.3,"Arching")) -> Arching | AJ81: =IF(AF81>0.4,"Thermal Decomposition,corona ",IF(AF81<0.4,"Arching")) -> Thermal Decomposition,corona
A82: 80 | B82: 21327/4 | C82: 16 MVA | D82: 11/6.9 KV | E82: VOLTAMP | F82: 2010 | G82: 8.3 | H82: 7.304 | I82: 15029.225 | J82: 65325.648 | K82: 136.535 | L82: 1264.256 | M82: 10.126 | N82: 8 | O82: 9 | P82: 5 | Q82: =IFERROR(P82/O82," ") -> 0.5555555556 | R82: =M82/H82 -> 1.386363636 | S82: =IFERROR(O82/N82," ") -> 1.125 | T82: =IF(Q82<1,"Partial discharge,Low Temprature thermal fault,") -> Partial discharge,Low Temprature thermal fault, | U82: =IF(R82>1,"Thermal Fault <700c, thermal fault >700c ") -> Thermal Fault <700c, thermal fault >700c | V82: Low Temprature thermal Fault,Thermal Fault<700c | W82: =P82/O82 -> 0.5555555556 | X82: =IFERROR(M82/H82," ") -> 1.386363636 | Y82: =IFERROR(O82/N82," ") -> 1.125 | Z82: High Energy Discharge | AA82: =IF(X82<0.1,"Partial Discharges, ",IF(X82>1,"Thermal Fault >300c and<700 and >700 c")) -> Thermal Fault >300c and<700 and >700 c | AB82: =IF(Y82<0.2,"Partial Discharges, ",IF(Y82>1,"Thermal Fault >700 c")) -> Thermal Fault >700 c | AC82: =M82/H82 -> 1.386363636 | AD82: =IFERROR(P82/O82," ") -> 0.5555555556 | AE82: =P82/M82 -> 0.4937783923 | AF82: =IFERROR(N82/P82," ") -> 1.6 | AG82: =IF(AC82>1,"Thermal Decomposition, ",IF(AC82<0.1,"Corona,Arching")) -> Thermal Decomposition, | AH82: =IF(AD82<0.75,"Thermal Decomposition, ",IF(AD82>0.75,"Arching")) -> Thermal Decomposition, | AI82: =IF(AE82<0.3,"Thermal Decomposition,corona ",IF(AE82>0.3,"Arching")) -> Arching | AJ82: =IF(AF82>0.4,"Thermal Decomposition,corona ",IF(AF82<0.4,"Arching")) -> Thermal Decomposition,corona
A83: 81 | B83: 5104/5 | C83: 50 MVA | D83: 132/11 KV | E83: BHARAT BIJLEE | F83: 2009 | G83: 7.8 | H83: 14.43 | I83: 14322.672 | J83: 61768.356 | K83: 92.274 | L83: 919.698 | M83: 6.708 | N83: 14 | O83: 6 | P83: 8 | Q83: =IFERROR(P83/O83," ") -> 1.333333333 | R83: =M83/H83 -> 0.4648648649 | S83: =IFERROR(O83/N83," ") -> 0.4285714286 | T83: Arching | U83: Arching,Low temprature thermal fault | V83: =IF(S83<1,"Partial discharge, Normal ",IF(S83>3,"Arching,Thermal Fault > 700 c")) -> Partial discharge, Normal | W83: =P83/O83 -> 1.333333333 | X83: =IFERROR(M83/H83," ") -> 0.4648648649 | Y83: =IFERROR(O83/N83," ") -> 0.4285714286 | Z83: =IF(W83>1,"Discharge of Low Energy, ",IF(W83<0.1,"Thermal Fault> 300c and<700 c")) -> Discharge of Low Energy, | AA83: High Energy Discharge | AB83: thermal fault <300 | AC83: =M83/H83 -> 0.4648648649 | AD83: =IFERROR(P83/O83," ") -> 1.333333333 | AE83: =P83/M83 -> 1.192605844 | AF83: =IFERROR(N83/P83," ") -> 1.75 | AG83: Arching | AH83: =IF(AD83<0.75,"Thermal Decomposition, ",IF(AD83>0.75,"Arching")) -> Arching | AI83: =IF(AE83<0.3,"Thermal Decomposition,corona ",IF(AE83>0.3,"Arching")) -> Arching | AJ83: =IF(AF83>0.4,"Thermal Decomposition,corona ",IF(AF83<0.4,"Arching")) -> Thermal Decomposition,corona
A84: 82 | B84: 5104/7 | C84: 50 MVA | D84: 132/11 KV | E84: BHARAT BIJLEE | F84: 2009 | G84: 7.5 | H84: 19.35 | I84: 13649.7 | J84: 59061.75 | K84: 107.55 | L84: 1382.325 | M84: 4.275 | N84: 8.925 | O84: 9 | P84: 9 | Q84: =IFERROR(P84/O84," ") -> 1 | R84: =M84/H84 -> 0.2209302326 | S84: =IFERROR(O84/N84," ") -> 1.008403361 | T84: Arching | U84: Arching,Low temprature thermal fault | V84: Low Temprature thermal Fault,Thermal Fault<700c | W84: =P84/O84 -> 1 | X84: =IFERROR(M84/H84," ") -> 0.2209302326 | Y84: =IFERROR(O84/N84," ") -> 1.008403361 | Z84: High Energy Discharge | AA84: High Energy Discharge | AB84: =IF(Y84<0.2,"Partial Discharges, ",IF(Y84>1,"Thermal Fault >700 c")) -> Thermal Fault >700 c | AC84: =M84/H84 -> 0.2209302326 | AD84: =IFERROR(P84/O84," ") -> 1 | AE84: =P84/M84 -> 2.105263158 | AF84: =IFERROR(N84/P84," ") -> 0.9916666667 | AG84: Arching | AH84: =IF(AD84<0.75,"Thermal Decomposition, ",IF(AD84>0.75,"Arching")) -> Arching | AI84: =IF(AE84<0.3,"Thermal Decomposition,corona ",IF(AE84>0.3,"Arching")) -> Arching | AJ84: =IF(AF84>0.4,"Thermal Decomposition,corona ",IF(AF84<0.4,"Arching")) -> Thermal Decomposition,corona
A85: 83 | B85: 5104/6 | C85: 50 MVA | D85: 132/11.5 KV | E85: BHARAT BIJLEE | F85: 2009 | G85: 8.4 | H85: 11.676 | I85: 16229.304 | J85: 65847.768 | K85: 98.532 | L85: 976.584 | M85: 29.988 | N85: 4.536 | O85: 20.58 | P85: 12 | Q85: =IFERROR(P85/O85," ") -> 0.583090379 | R85: =M85/H85 -> 2.568345324 | S85: =IFERROR(O85/N85," ") -> 4.537037037 | T85: =IF(Q85<1,"Partial discharge,Low Temprature thermal fault,") -> Partial discharge,Low Temprature thermal fault, | U85: =IF(R85>1,"Thermal Fault <700c, thermal fault >700c ") -> Thermal Fault <700c, thermal fault >700c | V85: =IF(S85<1,"Partial discharge, Normal ",IF(S85>3,"Arching,Thermal Fault > 700 c")) -> Arching,Thermal Fault > 700 c | W85: =P85/O85 -> 0.583090379 | X85: =IFERROR(M85/H85," ") -> 2.568345324 | Y85: =IFERROR(O85/N85," ") -> 4.537037037 | Z85: High Energy Discharge | AA85: =IF(X85<0.1,"Partial Discharges, ",IF(X85>1,"Thermal Fault >300c and<700 and >700 c")) -> Thermal Fault >300c and<700 and >700 c | AB85: =IF(Y85<0.2,"Partial Discharges, ",IF(Y85>1,"Thermal Fault >700 c")) -> Thermal Fault >700 c | AC85: =M85/H85 -> 2.568345324 | AD85: =IFERROR(P85/O85," ") -> 0.583090379 | AE85: =P85/M85 -> 0.400160064 | AF85: =IFERROR(N85/P85," ") -> 0.378 | AG85: =IF(AC85>1,"Thermal Decomposition, ",IF(AC85<0.1,"Corona,Arching")) -> Thermal Decomposition, | AH85: =IF(AD85<0.75,"Thermal Decomposition, ",IF(AD85>0.75,"Arching")) -> Thermal Decomposition, | AI85: =IF(AE85<0.3,"Thermal Decomposition,corona ",IF(AE85>0.3,"Arching")) -> Arching | AJ85: =IF(AF85>0.4,"Thermal Decomposition,corona ",IF(AF85<0.4,"Arching")) -> Arching
A86: 84 | B86: 5105/2 | C86: 50 MVA | D86: 132/11.5 KV | E86: BBL | F86: 2009 | G86: 8.3 | H86: 16.932 | I86: 15814.986 | J86: 64855.702 | K86: 115.536 | L86: 1081.324 | M86: 6.723 | N86: 8 | O86: 5.312 | P86: 8 | Q86: =IFERROR(P86/O86," ") -> 1.506024096 | R86: =M86/H86 -> 0.3970588235 | S86: =IFERROR(O86/N86," ") -> 0.664 | T86: Arching | U86: Arching,Low temprature thermal fault | V86: =IF(S86<1,"Partial discharge, Normal ",IF(S86>3,"Arching,Thermal Fault > 700 c")) -> Partial discharge, Normal | W86: =P86/O86 -> 1.506024096 | X86: =IFERROR(M86/H86," ") -> 0.3970588235 | Y86: =IFERROR(O86/N86," ") -> 0.664 | Z86: =IF(W86>1,"Discharge of Low Energy, ",IF(W86<0.1,"Thermal Fault> 300c and<700 c")) -> Discharge of Low Energy, | AA86: High Energy Discharge | AB86: thermal fault <300 | AC86: =M86/H86 -> 0.3970588235 | AD86: =IFERROR(P86/O86," ") -> 1.506024096 | AE86: =P86/M86 -> 1.189944965 | AF86: =IFERROR(N86/P86," ") -> 1 | AG86: Arching | AH86: =IF(AD86<0.75,"Thermal Decomposition, ",IF(AD86>0.75,"Arching")) -> Arching | AI86: =IF(AE86<0.3,"Thermal Decomposition,corona ",IF(AE86>0.3,"Arching")) -> Arching | AJ86: =IF(AF86>0.4,"Thermal Decomposition,corona ",IF(AF86<0.4,"Arching")) -> Thermal Decomposition,corona
A87: 85 | B87: 5104/2 | C87: 50 MVA | D87: 132/11.5 KV | E87: BHARAT BIJLEE | F87: 2009 | G87: 8 | H87: 7.92 | I87: 14483.28 | J87: 63696.4 | K87: 82.24 | L87: 731.44 | M87: 2.16 | N87: 7 | O87: 2.08 | P87: 6 | Q87: =IFERROR(P87/O87," ") -> 2.884615385 | R87: =M87/H87 -> 0.2727272727 | S87: =IFERROR(O87/N87," ") -> 0.2971428571 | T87: Arching | U87: Arching,Low temprature thermal fault | V87: =IF(S87<1,"Partial discharge, Normal ",IF(S87>3,"Arching,Thermal Fault > 700 c")) -> Partial discharge, Normal | W87: =P87/O87 -> 2.884615385 | X87: =IFERROR(M87/H87," ") -> 0.2727272727 | Y87: =IFERROR(O87/N87," ") -> 0.2971428571 | Z87: =IF(W87>1,"Discharge of Low Energy, ",IF(W87<0.1,"Thermal Fault> 300c and<700 c")) -> Discharge of Low Energy, | AA87: High Energy Discharge | AB87: thermal fault <301 | AC87: =M87/H87 -> 0.2727272727 | AD87: =IFERROR(P87/O87," ") -> 2.884615385 | AE87: =P87/M87 -> 2.777777778 | AF87: =IFERROR(N87/P87," ") -> 1.166666667 | AG87: Arching | AH87: =IF(AD87<0.75,"Thermal Decomposition, ",IF(AD87>0.75,"Arching")) -> Arching | AI87: =IF(AE87<0.3,"Thermal Decomposition,corona ",IF(AE87>0.3,"Arching")) -> Arching | AJ87: =IF(AF87>0.4,"Thermal Decomposition,corona ",IF(AF87<0.4,"Arching")) -> Thermal Decomposition,corona
A88: 86 | B88: 5104/3 | C88: 50 MVA | D88: 132/11.5 KV | E88: BHARAT BIJLEE | F88: 2009 | G88: 8.4 | H88: 7.224 | I88: 15828.96 | J88: 66393.096 | K88: 77.112 | L88: 756.588 | M88: 12.936 | N88: 9 | O88: 9 | P88: 4 | Q88: =IFERROR(P88/O88," ") -> 0.4444444444 | R88: =M88/H88 -> 1.790697674 | S88: =IFERROR(O88/N88," ") -> 1 | T88: =IF(Q88<1,"Partial discharge,Low Temprature thermal fault,") -> Partial discharge,Low Temprature thermal fault, | U88: =IF(R88>1,"Thermal Fault <700c, thermal fault >700c ") -> Thermal Fault <700c, thermal fault >700c | V88: Low Temprature thermal Fault,Thermal Fault<700c | W88: =P88/O88 -> 0.4444444444 | X88: =IFERROR(M88/H88," ") -> 1.790697674 | Y88: =IFERROR(O88/N88," ") -> 1 | Z88: High Energy Discharge | AA88: =IF(X88<0.1,"Partial Discharges, ",IF(X88>1,"Thermal Fault >300c and<700 and >700 c")) -> Thermal Fault >300c and<700 and >700 c | AB88: thermal fault <302 | AC88: =M88/H88 -> 1.790697674 | AD88: =IFERROR(P88/O88," ") -> 0.4444444444 | AE88: =P88/M88 -> 0.3092145949 | AF88: =IFERROR(N88/P88," ") -> 2.25 | AG88: =IF(AC88>1,"Thermal Decomposition, ",IF(AC88<0.1,"Corona,Arching")) -> Thermal Decomposition, | AH88: =IF(AD88<0.75,"Thermal Decomposition, ",IF(AD88>0.75,"Arching")) -> Thermal Decomposition, | AI88: =IF(AE88<0.3,"Thermal Decomposition,corona ",IF(AE88>0.3,"Arching")) -> Arching | AJ88: =IF(AF88>0.4,"Thermal Decomposition,corona ",IF(AF88<0.4,"Arching")) -> Thermal Decomposition,corona
A89: 87 | B89: 5105/1 | C89: 50 MVA | D89: 132/11.5 KV | E89: BBL | F89: 2009 | G89: 8.6 | H89: 8.514 | I89: 16347.482 | J89: 67521.094 | K89: 177.504 | L89: 1482.21 | M89: 14.792 | N89: 6 | O89: 8 | P89: 9 | Q89: =IFERROR(P89/O89," ") -> 1.125 | R89: =M89/H89 -> 1.737373737 | S89: =IFERROR(O89/N89," ") -> 1.333333333 | T89: Arching | U89: =IF(R89>1,"Thermal Fault <700c, thermal fault >700c ") -> Thermal Fault <700c, thermal fault >700c | V89: Low Temprature thermal Fault,Thermal Fault<700c | W89: =P89/O89 -> 1.125 | X89: =IFERROR(M89/H89," ") -> 1.737373737 | Y89: =IFERROR(O89/N89," ") -> 1.333333333 | Z89: =IF(W89>1,"Discharge of Low Energy, ",IF(W89<0.1,"Thermal Fault> 300c and<700 c")) -> Discharge of Low Energy, | AA89: =IF(X89<0.1,"Partial Discharges, ",IF(X89>1,"Thermal Fault >300c and<700 and >700 c")) -> Thermal Fault >300c and<700 and >700 c | AB89: =IF(Y89<0.2,"Partial Discharges, ",IF(Y89>1,"Thermal Fault >700 c")) -> Thermal Fault >700 c | AC89: =M89/H89 -> 1.737373737 | AD89: =IFERROR(P89/O89," ") -> 1.125 | AE89: =P89/M89 -> 0.608436993 | AF89: =IFERROR(N89/P89," ") -> 0.6666666667 | AG89: =IF(AC89>1,"Thermal Decomposition, ",IF(AC89<0.1,"Corona,Arching")) -> Thermal Decomposition, | AH89: =IF(AD89<0.75,"Thermal Decomposition, ",IF(AD89>0.75,"Arching")) -> Arching | AI89: =IF(AE89<0.3,"Thermal Decomposition,corona ",IF(AE89>0.3,"Arching")) -> Arching | AJ89: =IF(AF89>0.4,"Thermal Decomposition,corona ",IF(AF89<0.4,"Arching")) -> Thermal Decomposition,corona
A90: 88 | B90: HT-1756/2893 | C90: 80 MVA | D90: 132/11.5 KV | E90: EMCO | F90: 2008 | G90: 8.5 | H90: 4.845 | I90: 16651.84 | J90: 66801.585 | K90: 88.995 | L90: 858.84 | M90: 8.16 | N90: 5.865 | O90: 7 | P90: 8 | Q90: =IFERROR(P90/O90," ") -> 1.142857143 | R90: =M90/H90 -> 1.684210526 | S90: =IFERROR(O90/N90," ") -> 1.193520887 | T90: Arching | U90: =IF(R90>1,"Thermal Fault <700c, thermal fault >700c ") -> Thermal Fault <700c, thermal fault >700c | V90: Low Temprature thermal Fault,Thermal Fault<700c | W90: =P90/O90 -> 1.142857143 | X90: =IFERROR(M90/H90," ") -> 1.684210526 | Y90: =IFERROR(O90/N90," ") -> 1.193520887 | Z90: =IF(W90>1,"Discharge of Low Energy, ",IF(W90<0.1,"Thermal Fault> 300c and<700 c")) -> Discharge of Low Energy, | AA90: =IF(X90<0.1,"Partial Discharges, ",IF(X90>1,"Thermal Fault >300c and<700 and >700 c")) -> Thermal Fault >300c and<700 and >700 c | AB90: =IF(Y90<0.2,"Partial Discharges, ",IF(Y90>1,"Thermal Fault >700 c")) -> Thermal Fault >700 c | AC90: =M90/H90 -> 1.684210526 | AD90: =IFERROR(P90/O90," ") -> 1.142857143 | AE90: =P90/M90 -> 0.9803921569 | AF90: =IFERROR(N90/P90," ") -> 0.733125 | AG90: =IF(AC90>1,"Thermal Decomposition, ",IF(AC90<0.1,"Corona,Arching")) -> Thermal Decomposition, | AH90: =IF(AD90<0.75,"Thermal Decomposition, ",IF(AD90>0.75,"Arching")) -> Arching | AI90: =IF(AE90<0.3,"Thermal Decomposition,corona ",IF(AE90>0.3,"Arching")) -> Arching | AJ90: =IF(AF90>0.4,"Thermal Decomposition,corona ",IF(AF90<0.4,"Arching")) -> Thermal Decomposition,corona
A91: 89 | B91: HT-1756/2894 | C91: 80 MVA | D91: 132/11.5 KV | E91: EMCO | F91: 2008 | G91: 8.2 | H91: 4.264 | I91: 15529.898 | J91: 63413.47 | K91: 214.266 | L91: 1676.244 | M91: 4.51 | N91: 8 | O91: 6 | P91: 11 | Q91: =IFERROR(P91/O91," ") -> 1.833333333 | R91: =M91/H91 -> 1.057692308 | S91: =IFERROR(O91/N91," ") -> 0.75 | T91: Arching | U91: =IF(R91>1,"Thermal Fault <700c, thermal fault >700c ") -> Thermal Fault <700c, thermal fault >700c | V91: =IF(S91<1,"Partial discharge, Normal ",IF(S91>3,"Arching,Thermal Fault > 700 c")) -> Partial discharge, Normal | W91: =P91/O91 -> 1.833333333 | X91: =IFERROR(M91/H91," ") -> 1.057692308 | Y91: =IFERROR(O91/N91," ") -> 0.75 | Z91: =IF(W91>1,"Discharge of Low Energy, ",IF(W91<0.1,"Thermal Fault> 300c and<700 c")) -> Discharge of Low Energy, | AA91: =IF(X91<0.1,"Partial Discharges, ",IF(X91>1,"Thermal Fault >300c and<700 and >700 c")) -> Thermal Fault >300c and<700 and >700 c | AB91: thermal fault <300c | AC91: =M91/H91 -> 1.057692308 | AD91: =IFERROR(P91/O91," ") -> 1.833333333 | AE91: =P91/M91 -> 2.43902439 | AF91: =IFERROR(N91/P91," ") -> 0.7272727273 | AG91: =IF(AC91>1,"Thermal Decomposition, ",IF(AC91<0.1,"Corona,Arching")) -> Thermal Decomposition, | AH91: =IF(AD91<0.75,"Thermal Decomposition, ",IF(AD91>0.75,"Arching")) -> Arching | AI91: =IF(AE91<0.3,"Thermal Decomposition,corona ",IF(AE91>0.3,"Arching")) -> Arching | AJ91: =IF(AF91>0.4,"Thermal Decomposition,corona ",IF(AF91<0.4,"Arching")) -> Thermal Decomposition,corona
A92: 90 | B92: 2010305 | C92: 50 MVA | D92: 132/11 KV | E92: BHEL | F92: 1997 | G92: 8.4 | H92: 7.14 | I92: 16665.684 | J92: 64769.292 | K92: 181.272 | L92: 1550.892 | M92: 7.896 | N92: 9 | O92: 9 | P92: 12 | Q92: =IFERROR(P92/O92," ") -> 1.333333333 | R92: =M92/H92 -> 1.105882353 | S92: =IFERROR(O92/N92," ") -> 1 | T92: Arching | U92: =IF(R92>1,"Thermal Fault <700c, thermal fault >700c ") -> Thermal Fault <700c, thermal fault >700c | V92: Low Temprature thermal Fault,Thermal Fault<700c | W92: =P92/O92 -> 1.333333333 | X92: =IFERROR(M92/H92," ") -> 1.105882353 | Y92: =IFERROR(O92/N92," ") -> 1 | Z92: =IF(W92>1,"Discharge of Low Energy, ",IF(W92<0.1,"Thermal Fault> 300c and<700 c")) -> Discharge of Low Energy, | AA92: =IF(X92<0.1,"Partial Discharges, ",IF(X92>1,"Thermal Fault >300c and<700 and >700 c")) -> Thermal Fault >300c and<700 and >700 c | AB92: thermal fault <300c | AC92: =M92/H92 -> 1.105882353 | AD92: =IFERROR(P92/O92," ") -> 1.333333333 | AE92: =P92/M92 -> 1.519756839 | AF92: =IFERROR(N92/P92," ") -> 0.75 | AG92: =IF(AC92>1,"Thermal Decomposition, ",IF(AC92<0.1,"Corona,Arching")) -> Thermal Decomposition, | AH92: =IF(AD92<0.75,"Thermal Decomposition, ",IF(AD92>0.75,"Arching")) -> Arching | AI92: =IF(AE92<0.3,"Thermal Decomposition,corona ",IF(AE92>0.3,"Arching")) -> Arching | AJ92: =IF(AF92>0.4,"Thermal Decomposition,corona ",IF(AF92<0.4,"Arching")) -> Thermal Decomposition,corona
A93: 91 | B93: 2010306 | C93: 50 MVA | D93: 132/11 KV | E93: BHEL | F93: 1997 | G93: 8.2 | H93: 1.23 | I93: 15347.776 | J93: 64312.026 | K93: 172.364 | L93: 1601.214 | M93: 10.086 | N93: 7 | O93: 7 | P93: 4 | Q93: =IFERROR(P93/O93," ") -> 0.5714285714 | R93: =M93/H93 -> 8.2 | S93: =IFERROR(O93/N93," ") -> 1 | T93: =IF(Q93<1,"Partial discharge,Low Temprature thermal fault,") -> Partial discharge,Low Temprature thermal fault, | U93: =IF(R93>1,"Thermal Fault <700c, thermal fault >700c ") -> Thermal Fault <700c, thermal fault >700c | V93: Low Temprature thermal Fault,Thermal Fault<700c | W93: =P93/O93 -> 0.5714285714 | X93: =IFERROR(M93/H93," ") -> 8.2 | Y93: =IFERROR(O93/N93," ") -> 1 | Z93: High Energy Discharge | AA93: =IF(X93<0.1,"Partial Discharges, ",IF(X93>1,"Thermal Fault >300c and<700 and >700 c")) -> Thermal Fault >300c and<700 and >700 c | AB93: thermal fault <300c | AC93: =M93/H93 -> 8.2 | AD93: =IFERROR(P93/O93," ") -> 0.5714285714 | AE93: =P93/M93 -> 0.3965893317 | AF93: =IFERROR(N93/P93," ") -> 1.75 | AG93: =IF(AC93>1,"Thermal Decomposition, ",IF(AC93<0.1,"Corona,Arching")) -> Thermal Decomposition, | AH93: =IF(AD93<0.75,"Thermal Decomposition, ",IF(AD93>0.75,"Arching")) -> Thermal Decomposition, | AI93: =IF(AE93<0.3,"Thermal Decomposition,corona ",IF(AE93>0.3,"Arching")) -> Arching | AJ93: =IF(AF93>0.4,"Thermal Decomposition,corona ",IF(AF93<0.4,"Arching")) -> Thermal Decomposition,corona
A94: 92 | B94: 072ZM-003/01 | C94: 50 MVA | D94: 132/11.5 KV | E94: KIRLOSKAR | F94: 2008 | G94: 8.6 | H94: 2.838 | I94: 16264.148 | J94: 64729.964 | K94: 235.898 | L94: 3808.252 | M94: 13.33 | N94: 14 | O94: 16.082 | P94: 20 | Q94: =IFERROR(P94/O94," ") -> 1.243626415 | R94: =M94/H94 -> 4.696969697 | S94: =IFERROR(O94/N94," ") -> 1.148714286 | T94: Arching | U94: =IF(R94>1,"Thermal Fault <700c, thermal fault >700c ") -> Thermal Fault <700c, thermal fault >700c | V94: Low Temprature thermal Fault,Thermal Fault<700c | W94: =P94/O94 -> 1.243626415 | X94: =IFERROR(M94/H94," ") -> 4.696969697 | Y94: =IFERROR(O94/N94," ") -> 1.148714286 | Z94: =IF(W94>1,"Discharge of Low Energy, ",IF(W94<0.1,"Thermal Fault> 300c and<700 c")) -> Discharge of Low Energy, | AA94: =IF(X94<0.1,"Partial Discharges, ",IF(X94>1,"Thermal Fault >300c and<700 and >700 c")) -> Thermal Fault >300c and<700 and >700 c | AB94: =IF(Y94<0.2,"Partial Discharges, ",IF(Y94>1,"Thermal Fault >700 c")) -> Thermal Fault >700 c | AC94: =M94/H94 -> 4.696969697 | AD94: =IFERROR(P94/O94," ") -> 1.243626415 | AE94: =P94/M94 -> 1.500375094 | AF94: =IFERROR(N94/P94," ") -> 0.7 | AG94: =IF(AC94>1,"Thermal Decomposition, ",IF(AC94<0.1,"Corona,Arching")) -> Thermal Decomposition, | AH94: =IF(AD94<0.75,"Thermal Decomposition, ",IF(AD94>0.75,"Arching")) -> Arching | AI94: =IF(AE94<0.3,"Thermal Decomposition,corona ",IF(AE94>0.3,"Arching")) -> Arching | AJ94: =IF(AF94>0.4,"Thermal Decomposition,corona ",IF(AF94<0.4,"Arching")) -> Thermal Decomposition,corona
A95: 93 | B95: 5104/4 | C95: 50 MVA | D95: 132/11.5 KV | E95: BHARAT BIJLEE | F95: 2009 | G95: 8.2 | H95: 13.53 | I95: 16380.976 | J95: 62530.084 | K95: 204.754 | L95: 1704.698 | M95: 6.806 | N95: 9 | O95: 9 | P95: 8 | Q95: =IFERROR(P95/O95," ") -> 0.8888888889 | R95: =M95/H95 -> 0.503030303 | S95: =IFERROR(O95/N95," ") -> 1 | T95: =IF(Q95<1,"Partial discharge,Low Temprature thermal fault,") -> Partial discharge,Low Temprature thermal fault, | U95: Arching,Low temprature thermal fault | V95: Low Temprature thermal Fault,Thermal Fault<700c | W95: =P95/O95 -> 0.8888888889 | X95: =IFERROR(M95/H95," ") -> 0.503030303 | Y95: =IFERROR(O95/N95," ") -> 1 | Z95: High Energy Discharge | AA95: High Energy Discharge | AB95: thermal fault <300c | AC95: =M95/H95 -> 0.503030303 | AD95: =IFERROR(P95/O95," ") -> 0.8888888889 | AE95: =P95/M95 -> 1.175433441 | AF95: =IFERROR(N95/P95," ") -> 1.125 | AG95: Arching | AH95: =IF(AD95<0.75,"Thermal Decomposition, ",IF(AD95>0.75,"Arching")) -> Arching | AI95: =IF(AE95<0.3,"Thermal Decomposition,corona ",IF(AE95>0.3,"Arching")) -> Arching | AJ95: =IF(AF95>0.4,"Thermal Decomposition,corona ",IF(AF95<0.4,"Arching")) -> Thermal Decomposition,corona
A96: 94 | B96: 5104/1 | C96: 50 MVA | D96: 132/11.5 KV | E96: BHARAT BIJLEE | F96: 2009 | G96: 8.1 | H96: 13.041 | I96: 15387.327 | J96: 62300.502 | K96: 202.986 | L96: 2066.877 | M96: 6.318 | N96: 2.511 | O96: 8 | P96: 9 | Q96: =IFERROR(P96/O96," ") -> 1.125 | R96: =M96/H96 -> 0.4844720497 | S96: =IFERROR(O96/N96," ") -> 3.185981681 | T96: Arching | U96: Arching,Low temprature thermal fault | V96: =IF(S96<1,"Partial discharge, Normal ",IF(S96>3,"Arching,Thermal Fault > 700 c")) -> Arching,Thermal Fault > 700 c | W96: =P96/O96 -> 1.125 | X96: =IFERROR(M96/H96," ") -> 0.4844720497 | Y96: =IFERROR(O96/N96," ") -> 3.185981681 | Z96: =IF(W96>1,"Discharge of Low Energy, ",IF(W96<0.1,"Thermal Fault> 300c and<700 c")) -> Discharge of Low Energy, | AA96: High Energy Discharge | AB96: =IF(Y96<0.2,"Partial Discharges, ",IF(Y96>1,"Thermal Fault >700 c")) -> Thermal Fault >700 c | AC96: =M96/H96 -> 0.4844720497 | AD96: =IFERROR(P96/O96," ") -> 1.125 | AE96: =P96/M96 -> 1.424501425 | AF96: =IFERROR(N96/P96," ") -> 0.279 | AG96: Arching | AH96: =IF(AD96<0.75,"Thermal Decomposition, ",IF(AD96>0.75,"Arching")) -> Arching | AI96: =IF(AE96<0.3,"Thermal Decomposition,corona ",IF(AE96>0.3,"Arching")) -> Arching | AJ96: =IF(AF96>0.4,"Thermal Decomposition,corona ",IF(AF96<0.4,"Arching")) -> Arching
A97: 95 | B97: 21327/5 | C97: 16 MVA | D97: 11/6.9 KV | E97: VOLTAMP | F97: 2009 | G97: 8.5 | H97: 6.715 | I97: 15889.135 | J97: 67443.59 | K97: 58.225 | L97: 554.965 | M97: 8.67 | N97: 7 | O97: 8.33 | P97: 5 | Q97: =IFERROR(P97/O97," ") -> 0.600240096 | R97: =M97/H97 -> 1.291139241 | S97: =IFERROR(O97/N97," ") -> 1.19 | T97: =IF(Q97<1,"Partial discharge,Low Temprature thermal fault,") -> Partial discharge,Low Temprature thermal fault, | U97: =IF(R97>1,"Thermal Fault <700c, thermal fault >700c ") -> Thermal Fault <700c, thermal fault >700c | V97: Low Temprature thermal Fault,Thermal Fault<700c | W97: =P97/O97 -> 0.600240096 | X97: =IFERROR(M97/H97," ") -> 1.291139241 | Y97: =IFERROR(O97/N97," ") -> 1.19 | Z97: High Energy Discharge | AA97: =IF(X97<0.1,"Partial Discharges, ",IF(X97>1,"Thermal Fault >300c and<700 and >700 c")) -> Thermal Fault >300c and<700 and >700 c | AB97: =IF(Y97<0.2,"Partial Discharges, ",IF(Y97>1,"Thermal Fault >700 c")) -> Thermal Fault >700 c | AC97: =M97/H97 -> 1.291139241 | AD97: =IFERROR(P97/O97," ") -> 0.600240096 | AE97: =P97/M97 -> 0.5767012687 | AF97: =IFERROR(N97/P97," ") -> 1.4 | AG97: =IF(AC97>1,"Thermal Decomposition, ",IF(AC97<0.1,"Corona,Arching")) -> Thermal Decomposition, | AH97: =IF(AD97<0.75,"Thermal Decomposition, ",IF(AD97>0.75,"Arching")) -> Thermal Decomposition, | AI97: =IF(AE97<0.3,"Thermal Decomposition,corona ",IF(AE97>0.3,"Arching")) -> Arching | AJ97: =IF(AF97>0.4,"Thermal Decomposition,corona ",IF(AF97<0.4,"Arching")) -> Thermal Decomposition,corona
A98: 96 | B98: 21327/7 | C98: 16 MVA | D98: 11/6.9 KV | E98: VOLTAMP | F98: 2009 | G98: 8.4 | H98: 6.804 | I98: 15326.052 | J98: 66178.644 | K98: 135.156 | L98: 1290.408 | M98: 6.3 | N98: 16.884 | O98: 34.104 | P98: 6 | Q98: =IFERROR(P98/O98," ") -> 0.1759324419 | R98: =M98/H98 -> 0.9259259259 | S98: =IFERROR(O98/N98," ") -> 2.019900498 | T98: =IF(Q98<1,"Partial discharge,Low Temprature thermal fault,") -> Partial discharge,Low Temprature thermal fault, | U98: Arching,Low temprature thermal fault | V98: Low Temprature thermal Fault,Thermal Fault<700c | W98: =P98/O98 -> 0.1759324419 | X98: =IFERROR(M98/H98," ") -> 0.9259259259 | Y98: =IFERROR(O98/N98," ") -> 2.019900498 | Z98: High Energy Discharge | AA98: High Energy Discharge | AB98: =IF(Y98<0.2,"Partial Discharges, ",IF(Y98>1,"Thermal Fault >700 c")) -> Thermal Fault >700 c | AC98: =M98/H98 -> 0.9259259259 | AD98: =IFERROR(P98/O98," ") -> 0.1759324419 | AE98: =P98/M98 -> 0.9523809524 | AF98: =IFERROR(N98/P98," ") -> 2.814 | AG98: Arching | AH98: =IF(AD98<0.75,"Thermal Decomposition, ",IF(AD98>0.75,"Arching")) -> Thermal Decomposition, | AI98: =IF(AE98<0.3,"Thermal Decomposition,corona ",IF(AE98>0.3,"Arching")) -> Arching | AJ98: =IF(AF98>0.4,"Thermal Decomposition,corona ",IF(AF98<0.4,"Arching")) -> Thermal Decomposition,corona
A99: 97 | B99: 13133-01 | C99: 90/120 MVA | D99: 220/132 KV | E99: ABB | F99: 2014 | G99: 8.4 | H99: 1.596 | I99: 16711.464 | J99: 64650.18 | K99: 139.02 | L99: 1548.792 | M99: 5 | N99: 11 | O99: 8 | P99: 8 | Q99: =IFERROR(P99/O99," ") -> 1 | R99: =M99/H99 -> 3.13283208 | S99: =IFERROR(O99/N99," ") -> 0.7272727273 | T99: Arching | U99: =IF(R99<0.1, "Partial discharge", "Low temperature thermal ") -> Low temperature thermal | V99: =IF(S99<1,"Partial discharge, Normal ",IF(S99>3,"Arching,Thermal Fault > 700 c")) -> Partial discharge, Normal | W99: =P99/O99 -> 1 | X99: =IFERROR(M99/H99," ") -> 3.13283208 | Y99: =IFERROR(O99/N99," ") -> 0.7272727273 | Z99: High Energy Discharge | AA99: =IF(X99<0.1,"Partial Discharges, ",IF(X99>1,"Thermal Fault >300c and<700 and >700 c")) -> Thermal Fault >300c and<700 and >700 c | AB99: thermal fault <300c | AC99: =M99/H99 -> 3.13283208 | AD99: =IFERROR(P99/O99," ") -> 1 | AE99: =P99/M99 -> 1.6 | AF99: =IFERROR(N99/P99," ") -> 1.375 | AG99: =IF(AC99>1,"Thermal Decomposition, ",IF(AC99<0.1,"Corona,Arching")) -> Thermal Decomposition, | AH99: =IF(AD99<0.75,"Thermal Decomposition, ",IF(AD99>0.75,"Arching")) -> Arching | AI99: =IF(AE99<0.3,"Thermal Decomposition,corona ",IF(AE99>0.3,"Arching")) -> Arching | AJ99: =IF(AF99>0.4,"Thermal Decomposition,corona ",IF(AF99<0.4,"Arching")) -> Thermal Decomposition,corona
A100: 98 | B100: 13146-01 | C100: 90/120 MVA | D100: 220/132 KV | E100: ABB | F100: 2017 | G100: 8.6 | H100: 1.376 | I100: 16747.812 | J100: 67333.614 | K100: 93.568 | L100: 932.154 | M100: 8 | N100: 22 | O100: 3.784 | P100: 13 | Q100: =IFERROR(P100/O100," ") -> 3.43551797 | R100: =M100/H100 -> 5.813953488 | S100: =IFERROR(O100/N100," ") -> 0.172 | T100: Arching | U100: =IF(R100<0.1, "Partial discharge", "Low temperature thermal ") -> Low temperature thermal | V100: =IF(S100<1,"Partial discharge, Normal ",IF(S100>3,"Arching,Thermal Fault > 700 c")) -> Partial discharge, Normal | W100: =P100/O100 -> 3.43551797 | X100: =IFERROR(M100/H100," ") -> 5.813953488 | Y100: =IFERROR(O100/N100," ") -> 0.172 | Z100: =IF(W100>1,"Discharge of Low Energy, ",IF(W100<0.1,"Thermal Fault> 300c and<700 c")) -> Discharge of Low Energy, | AA100: =IF(X100<0.1,"Partial Discharges, ",IF(X100>1,"Thermal Fault >300c and<700 and >700 c")) -> Thermal Fault >300c and<700 and >700 c | AB100: thermal fault <300c | AC100: =M100/H100 -> 5.813953488 | AD100: =IFERROR(P100/O100," ") -> 3.43551797 | AE100: =P100/M100 -> 1.625 | AF100: =IFERROR(N100/P100," ") -> 1.692307692 | AG100: =IF(AC100>1,"Thermal Decomposition, ",IF(AC100<0.1,"Corona,Arching")) -> Thermal Decomposition, | AH100: =IF(AD100<0.75,"Thermal Decomposition, ",IF(AD100>0.75,"Arching")) -> Arching | AI100: =IF(AE100<0.3,"Thermal Decomposition,corona ",IF(AE100>0.3,"Arching")) -> Arching | AJ100: =IF(AF100>0.4,"Thermal Decomposition,corona ",IF(AF100<0.4,"Arching")) -> Thermal Decomposition,corona
...

Sheet Sheet1
A1: DESCRIPTION OF DGA DATA | E1: DESCRIPTION OF DGA DATA | I1: DESCRIPTION OF DGA DATA
A2: Rogers Ratio Method | E2: IEC Ratio Method | I2: Dornenburg Ratio Method
A3: FAULT TYPE | B3: FAULT CODE | C3: NUMBER OF SAMPLES | E3: FAULT TYPE | F3: FAULT CODE | G3: NUMBER OF SAMPLES | I3: FAULT TYPE | J3: FAULT CODE | K3: NUMBER OF SAMPLES
C4: DATASET 1 | G4: DATASET 1 | K4: DATASET 1
A6: Arching | C6: =COUNTIF(DGA!T3:V512,"*Arching*") -> 607 | E6: Partial discharges | G6: =COUNTIF(DGA!AA2:AC512,"*Partial Discharges*") -> 14 | I6: Thermal Decomposition | K6: =COUNTIF(DGA!AG2:AJ512,"*Thermal Decomposition*") -> 853
A7: Partial discharge | C7: =COUNTIF(DGA!T3:V512,"*Partial discharge*") -> 461 | E7: Discharges of low energy | G7: =COUNTIF(DGA!Z2:AB512,"*Discharge of Low Energy*") -> 243 | I7: Corona | K7: =COUNTIF(DGA!AG2:AJ512,"*corona*") -> 459
A8: Low temperature thermal fault | C8: =COUNTIF(DGA!T3:V512,"*Low temprature thermal fault*") -> 632 | E8: High energy discharges | G8: =COUNTIF(DGA!Z2:AB514,"*High Energy Discharge*") -> 497 | I8: Arching | K8: =COUNTIF(DGA!AG2:AJ512,"*Arching*") -> 1179
A9: Thermal fault <700°C | C9: =COUNTIF(DGA!T2:V512,"*Thermal Fault <700c*") -> 177 | E9: Thermal faults<300°C | G9: =COUNTIF(DGA!Z2:AB512,"*Thermal Fault <F10300c*") -> 0
A10: Thermal fault >700°C | C10: =COUNTIF(DGA!T2:V512,"*Thermal Fault <700c*") -> 177 | E10: Thermal faults>300°C and <700°C | G10: =COUNTIF(DGA!Z2:AB512,"*Thermal Fault> 300c and<700 c*") -> 8
E11: Thermal faults>700°C | G11: =COUNTIF(DGA!Z2:AB512,"* >700 c*") -> 479
A12: Total | C12: =SUM(C6:C10) -> 2054 | E12: Total | G12: =SUM(G6:G11) -> 1241 | I12: Total | K12: =SUM(K6:K8) -> 2491
